
DROP TABLE IF EXISTS `auth_group`;
CREATE TABLE `auth_group` (
  `id` int(11) NOT NULL AUTO_INCREMENT,
  `name` varchar(80) NOT NULL,
  PRIMARY KEY (`id`),
  UNIQUE KEY `name` (`name`)
) ENGINE=InnoDB DEFAULT CHARSET=utf8;


DROP TABLE IF EXISTS `auth_user`;
CREATE TABLE `auth_user` (
  `id` int(11) NOT NULL AUTO_INCREMENT,
  `username` varchar(30) NOT NULL,
  `first_name` varchar(30) NOT NULL,
  `last_name` varchar(30) NOT NULL,
  `email` varchar(75) NOT NULL,
  `password` varchar(128) NOT NULL,
  `is_staff` tinyint(1) NOT NULL,
  `is_active` tinyint(1) NOT NULL,
  `is_superuser` tinyint(1) NOT NULL,
  `last_login` datetime NOT NULL,
  `date_joined` datetime NOT NULL,
  `idxf_username_l_iexact` varchar(30) DEFAULT NULL,
  `idxf_email_l_iexact` varchar(75) DEFAULT NULL,
  PRIMARY KEY (`id`),
  UNIQUE KEY `username` (`username`)
) ENGINE=InnoDB AUTO_INCREMENT=2 DEFAULT CHARSET=utf8;


INSERT INTO `auth_user` VALUES (1,'admin','','','hughson.simon@gmail.com','pbkdf2_sha256$10000$hRs9zR9dsy9D$8L3IKg2NIB+ns+VRO4iru/YU1oTmRKC/h8bmWmqgeSU=',1,1,1,'2013-05-06 01:05:01','2013-04-03 01:50:38',NULL,NULL);


DROP TABLE IF EXISTS `auth_user_groups`;
CREATE TABLE `auth_user_groups` (
  `id` int(11) NOT NULL AUTO_INCREMENT,
  `user_id` int(11) NOT NULL,
  `group_id` int(11) NOT NULL,
  PRIMARY KEY (`id`),
  UNIQUE KEY `user_id` (`user_id`,`group_id`),
  KEY `auth_user_groups_403f60f` (`user_id`),
  KEY `auth_user_groups_425ae3c4` (`group_id`),
  CONSTRAINT `group_id_refs_id_f116770` FOREIGN KEY (`group_id`) REFERENCES `auth_group` (`id`),
  CONSTRAINT `user_id_refs_id_7ceef80f` FOREIGN KEY (`user_id`) REFERENCES `auth_user` (`id`)
) ENGINE=InnoDB DEFAULT CHARSET=utf8;


DROP TABLE IF EXISTS `django_content_type`;
CREATE TABLE `django_content_type` (
  `id` int(11) NOT NULL AUTO_INCREMENT,
  `name` varchar(100) NOT NULL,
  `app_label` varchar(100) NOT NULL,
  `model` varchar(100) NOT NULL,
  PRIMARY KEY (`id`),
  UNIQUE KEY `app_label` (`app_label`,`model`)
) ENGINE=InnoDB AUTO_INCREMENT=7 DEFAULT CHARSET=utf8;



INSERT INTO `django_content_type` VALUES (1,'log entry','admin','logentry'),(2,'content type','contenttypes','contenttype'),(3,'group','auth','group'),(4,'user','auth','user'),(5,'permission','auth','permission'),(6,'session','sessions','session');



DROP TABLE IF EXISTS `django_admin_log`;
CREATE TABLE `django_admin_log` (
  `id` int(11) NOT NULL AUTO_INCREMENT,
  `action_time` datetime NOT NULL,
  `user_id` int(11) NOT NULL,
  `content_type_id` int(11) DEFAULT NULL,
  `object_id` longtext,
  `object_repr` varchar(200) NOT NULL,
  `action_flag` smallint(5) unsigned NOT NULL,
  `change_message` longtext NOT NULL,
  `idxf_object_id_l_exact` int(11) DEFAULT NULL,
  PRIMARY KEY (`id`),
  KEY `django_admin_log_403f60f` (`user_id`),
  KEY `django_admin_log_1bb8f392` (`content_type_id`),
  CONSTRAINT `content_type_id_refs_id_288599e6` FOREIGN KEY (`content_type_id`) REFERENCES `django_content_type` (`id`),
  CONSTRAINT `user_id_refs_id_c8665aa` FOREIGN KEY (`user_id`) REFERENCES `auth_user` (`id`)
) ENGINE=InnoDB DEFAULT CHARSET=utf8;



DROP TABLE IF EXISTS `auth_permission`;
CREATE TABLE `auth_permission` (
  `id` int(11) NOT NULL AUTO_INCREMENT,
  `name` varchar(50) NOT NULL,
  `content_type_id` int(11) NOT NULL,
  `codename` varchar(100) NOT NULL,
  PRIMARY KEY (`id`),
  UNIQUE KEY `content_type_id` (`content_type_id`,`codename`),
  KEY `auth_permission_1bb8f392` (`content_type_id`),
  CONSTRAINT `content_type_id_refs_id_728de91f` FOREIGN KEY (`content_type_id`) REFERENCES `django_content_type` (`id`)
) ENGINE=InnoDB AUTO_INCREMENT=19 DEFAULT CHARSET=utf8;



INSERT INTO `auth_permission` VALUES (1,'Can add log entry',1,'add_logentry'),(2,'Can change log entry',1,'change_logentry'),(3,'Can delete log entry',1,'delete_logentry'),(4,'Can add content type',2,'add_contenttype'),(5,'Can change content type',2,'change_contenttype'),(6,'Can delete content type',2,'delete_contenttype'),(7,'Can add permission',5,'add_permission'),(8,'Can change permission',5,'change_permission'),(9,'Can delete permission',5,'delete_permission'),(10,'Can add group',3,'add_group'),(11,'Can change group',3,'change_group'),(12,'Can delete group',3,'delete_group'),(13,'Can add user',4,'add_user'),(14,'Can change user',4,'change_user'),(15,'Can delete user',4,'delete_user'),(16,'Can add session',6,'add_session'),(17,'Can change session',6,'change_session'),(18,'Can delete session',6,'delete_session');



DROP TABLE IF EXISTS `auth_user_user_permissions`;
CREATE TABLE `auth_user_user_permissions` (
  `id` int(11) NOT NULL AUTO_INCREMENT,
  `user_id` int(11) NOT NULL,
  `permission_id` int(11) NOT NULL,
  PRIMARY KEY (`id`),
  UNIQUE KEY `user_id` (`user_id`,`permission_id`),
  KEY `auth_user_user_permissions_403f60f` (`user_id`),
  KEY `auth_user_user_permissions_1e014c8f` (`permission_id`),
  CONSTRAINT `permission_id_refs_id_67e79cb` FOREIGN KEY (`permission_id`) REFERENCES `auth_permission` (`id`),
  CONSTRAINT `user_id_refs_id_dfbab7d` FOREIGN KEY (`user_id`) REFERENCES `auth_user` (`id`)
) ENGINE=InnoDB DEFAULT CHARSET=utf8;



DROP TABLE IF EXISTS `auth_group_permissions`;
CREATE TABLE `auth_group_permissions` (
  `id` int(11) NOT NULL AUTO_INCREMENT,
  `group_id` int(11) NOT NULL,
  `permission_id` int(11) NOT NULL,
  PRIMARY KEY (`id`),
  UNIQUE KEY `group_id` (`group_id`,`permission_id`),
  KEY `auth_group_permissions_425ae3c4` (`group_id`),
  KEY `auth_group_permissions_1e014c8f` (`permission_id`),
  CONSTRAINT `group_id_refs_id_3cea63fe` FOREIGN KEY (`group_id`) REFERENCES `auth_group` (`id`),
  CONSTRAINT `permission_id_refs_id_5886d21f` FOREIGN KEY (`permission_id`) REFERENCES `auth_permission` (`id`)
) ENGINE=InnoDB DEFAULT CHARSET=utf8;



DROP TABLE IF EXISTS `django_session`;
CREATE TABLE `django_session` (
  `session_key` varchar(40) NOT NULL,
  `session_data` longtext NOT NULL,
  `expire_date` datetime NOT NULL,
  PRIMARY KEY (`session_key`),
  KEY `django_session_3da3d3d8` (`expire_date`)
) ENGINE=InnoDB DEFAULT CHARSET=utf8;



INSERT INTO `django_session` VALUES ('0059387ae08ccbe5e54ae33c078b3b84','YTE3YzkwZjlkMWMzNThjOTg5Zjg5ZDZkY2FhNjkxM2Y0YTIxMGMyNjqAAn1xAFUJUmVDYXB0Y2hh\ncQFNbO5zLg==\n','2013-06-17 00:07:25'),('07e77b9159d6fe17c1c170bf1bcdcd04','NDk0OTZlN2I2NGZkYjFmMzU2NTg4NjlkYzE4MWM3N2VkNGYyY2UwNjqAAn1xAC4=\n','2013-06-09 22:36:56'),('0ab43cb7b521a96928cd5251f73f8fea','ZmM3OTAwMTNiN2NhMWViMjRkYzY2MjI2Yjg3YTJiMDdmYzA4Njk5MjqAAn1xAChVCVJlQ2FwdGNo\nYXEBTRrxVQhDYXJ0SW5mb3ECY2NsYXNzZXMKQ2FydEluZm8KcQMpgXEEfXEFKFUQcHJvbW90aW9u\nc190b3RhbHEGRwAAAAAAAAAAVQtvcmRlcl90b3RhbHEHR0BQ+3mmtQsPVRBmdWVsY2hhcmdlX3Rv\ndGFscQhHQAfrhR64UexVD3N0b3JlX2NyZWRpdF9pZHEJSwBVDnNoaXBwaW5nX3RvdGFscQpHQEF+\nuFHrhR9VEGNjX2FwcHJvdmFsX2NvZGVxC1UAcQxVDl9lcnJvcl9tZXNzYWdlcQ1oDFUJdGF4X3Rv\ndGFscQ5HP/9ZSvTw2ERVDHN0b3JlX2NyZWRpdHEPSwBVDV9lcnJvcl9udW1iZXJxEEsAVQhzdWJ0\nb3RhbHERR0A7/XCj1wo9VQdJc0Vycm9ycRKJVRZpc19zdG9yZWNyZWRpdF9hcHBsaWVkcROJdWJV\nCkd1ZXN0RU1haWxxFFgNAAAAYmxhaEBibGFoLmNvbXEVVQlDYXJ0SXRlbXNxFn1xF0vbY2NsYXNz\nZXMKQ2FydEl0ZW0KcRgpgXEZfXEaKFUNcmV3YXJkX3BvaW50c3EbigBoBkcAAAAAAAAAAFUJdGF4\nX3ZhbHVlcRxHAAAAAAAAAABVEWlzX3Jld2FyZF9lbmFibGVkcR2IVRFzaGlwcGluZ19jYXRlZ29y\neXEeigEIVQNxb2hxH0dAAAAAAAAAAGgORwAAAAAAAAAAVQlpdGVtX25hbWVxIFgSAAAATG9uZ25v\nc2UgQnV0dGVyZmx5cSFVEWZ1ZWxfY2hhcmdlX3RvdGFscSJHAAAAAAAAAABVDnN1cHBsaWVzX3Rv\ndGFscSNHAAAAAAAAAABoDWgMVQtmdWVsX2NoYXJnZXEkRwAAAAAAAAAAVQl0aHVtYm5haWxxJVgr\nAAAAYXNzZXRzL2ltYWdlcy90aHVtYnMvMjE2X2xvbmdub3NlX3RodW1iLmpwZ3EmVQ9zaGlwcGlu\nZ19jaGFyZ2VxJ0sAVQVwcmljZXEoY2RlY2ltYWwKRGVjaW1hbApxKVUHMjkuOTkwMHEqhXErUnEs\naApHAAAAAAAAAABVDGV4dHJhX2ZpZWRfM3EtWA4AAAAyLjUtMy41IGluY2hlc3EuVQlzYWxlcHJp\nY2VxL2gpVQcyNy45OTAwcTCFcTFScTJVBmltYWdlM3EzWAAAAABxNFUGaW1hZ2UycTVoNFUGaW1h\nZ2UxcTZYHgAAAGFzc2V0cy9pbWFnZXMvMjE2X2xvbmdub3NlLmpwZ3E3VRZzaGlwcGluZ19jYXRl\nZ29yeV9uYW1lcThYCwAAAE1hcmluZSBMaWZlcTloEWgpVQcyNy45OTAwcTqFcTtScTxVC3RheF9w\nZXJjZW50cT1HAAAAAAAAAABVCnByb21vdGlvbnNxPkcAAAAAAAAAAGgQSwBVCmNhdGFsb2dfaWRx\nP4oC2wBoEolVCHF1YW50aXR5cUBLAXVic1UOU2hpcHBpbmdNZXRob2RxQX1xQooBCGNkamFuZ28u\nZGIubW9kZWxzLmJhc2UKbW9kZWxfdW5waWNrbGUKcUNjbW9kZWxzClNoaXBwaW5nQ2F0ZWdvcnkK\ncURdcUVjZGphbmdvLmRiLm1vZGVscy5iYXNlCnNpbXBsZV9jbGFzc19mYWN0b3J5CnFGh3FHUnFI\nfXFJKFUGc3RhdHVzcUpYBgAAAEFDVElWRXFLVRBpc19mcmVlX3NoaXBwaW5ncUxLAFURc2F0dXJk\nYXlfZGVsaXZlcnlxTUsZVQpjcmVhdGVkYXRlcU5OVQZfc3RhdGVxT2NkamFuZ28uZGIubW9kZWxz\nLmJhc2UKTW9kZWxTdGF0ZQpxUCmBcVF9cVIoVQZhZGRpbmdxU4lVAmRicVRVB2RlZmF1bHRxVXVi\nVRhmbGF0cmF0ZV9zaGlwcGluZ19jaGFyZ2VxVkcAAAAAAAAAAFURcHJpb3JpdHlfc2hpcHBpbmdx\nV0sKaCRHQAfrhR64UexVD2FsYXNrYV9kZWxpdmVyeXFYSxlVDF9vcmlnaW5hbF9wa3FZigEIVQ1j\nYXRlZ29yeV9uYW1lcVpYCwAAAE1hcmluZSBMaWZlcVtVAmlkcVyKAQhVF3VzZV9mZWRleF9zaGlw\ncGluZ3JhdGVzcV1LAHVic1UOUGF5bWVudEdhdGV3YXlxXlgMAAAAQVVUSE9SSVpFTkVUcV9VB0lz\nR3Vlc3RxYIh1Lg==\n','2013-06-20 17:15:33'),('0c12b651189c01b42eb4f68933639b81','MTM2ZjM2ZWRiNjIyOTAwNDZjOTRmMDkxZWNhZDlkN2UyNzFkZWU3NzqAAn1xAChVB0lzTG9naW5x\nAYhVDlN0YWZmX3Bhc3N3b3JkcQJYCwAAADNkY2FydGFkbWlucQNVBVN0YWZmcQRjZGphbmdvLmRi\nLm1vZGVscy5iYXNlCm1vZGVsX3VucGlja2xlCnEFY21vZGVscwpBZG1pbnMKcQZdcQdjZGphbmdv\nLmRiLm1vZGVscy5iYXNlCnNpbXBsZV9jbGFzc19mYWN0b3J5CnEIh3EJUnEKfXELKFUIdXNlcm5h\nbWVxDFgLAAAAM2RjYXJ0YWRtaW5xDVUEbmFtZXEOWA0AAABBZG1pbmlzdHJhdG9ycQ9VDnRlcm1z\nX2FjY2VwdGVkcRBjZGF0ZXRpbWUKZGF0ZXRpbWUKcRFVCgfZCwQAAAAAAABxEoVxE1JxFFUKcGFz\nc19maWVsZHEVWCAAAAA2MjQ3YzRmNWE0ODVkMTg3ZGY4M2RmYWY2MzA3MTY5NXEWVQxfb3JpZ2lu\nYWxfcGtxF4oBAVUMcmVzZXRwYXNzZXhwcRhOVQZfc3RhdGVxGWNkamFuZ28uZGIubW9kZWxzLmJh\nc2UKTW9kZWxTdGF0ZQpxGimBcRt9cRwoVQZhZGRpbmdxHYlVAmRicR5VB2RlZmF1bHRxH3ViVQVl\nbWFpbHEgWBkAAABzaHVnaGVzQHNhbHR3YXRlcmZpc2guY29tcSFVBnVzZXJpcHEiWA0AAAA1MC4x\nOTIuMTUxLjQ5cSNVCmxhc3RjaGFuZ2VxJGgRVQoH2gkeEDIBAAAAcSWFcSZScSdVC3VzZXJzZXNz\naW9ucShYIAAAAFBxMEJkd29zU2NsQmtuS0g2TFBOQ3I3MWxENjBHYlFUcSlVCWxhc3Rsb2dpbnEq\naBFVCgfdBQwQMS8AAABxK4VxLFJxLVUJdXNlcmxldmVscS5LA1UMcmVzZXRwYXNza2V5cS9OVQ1p\ncF9yZXN0cmljdGVkcTBYAAAAAHExVQJpZHEyigEBVQtwZXJtaXNzaW9uc3EzWCwAAABUS0FJalU5\nNWhnaHRJUFlwcHhSSVY4OG1PMnA4bXlOK2hWQXF2UXJsSlJFPXE0dWJVDlN0YWZmX3VzZXJuYW1l\ncTVYCwAAADNkY2FydGFkbWlucTZ1Lg==\n','2013-05-26 17:05:51'),('10ae52570541ed7202367ab62fea6713','ZDNmNTYwYjJjZWQ1YTdkYzExMTRkMjUwODViNDM5M2Q1ZjdmMjlhMjqAAn1xAChVCVJlQ2FwdGNo\nYXEBTTPdVQhDYXJ0SW5mb3ECY2NsYXNzZXMKQ2FydEluZm8KcQMpgXEEfXEFKFUQcHJvbW90aW9u\nc190b3RhbHEGRwAAAAAAAAAAVQl0YXhfdG90YWxxB0dAEwmF8G9pRFULb3JkZXJfdG90YWxxCEdA\nW66s2eg+QVUMc3RvcmVfY3JlZGl0cQlLAFUOc2hpcHBpbmdfdG90YWxxCkdAQX64UeuFH1UOX2Vy\ncm9yX21lc3NhZ2VxC1UAcQxVEGZ1ZWxjaGFyZ2VfdG90YWxxDUdAB+uFHrhR7FUNX2Vycm9yX251\nbWJlcnEOSwBVCHN1YnRvdGFscQ9HQFD/XCj1wo9VB0lzRXJyb3JxEIl1YlUJQ2FydEl0ZW1zcRF9\ncRJLvmNjbGFzc2VzCkNhcnRJdGVtCnETKYFxFH1xFShVDXJld2FyZF9wb2ludHNxFooAaAZHAAAA\nAAAAAABVCXRheF92YWx1ZXEXRwAAAAAAAAAAVRFpc19yZXdhcmRfZW5hYmxlZHEYiVURc2hpcHBp\nbmdfY2F0ZWdvcnlxGYoBCFUDcW9ocRpHQBAAAAAAAABoB0cAAAAAAAAAAFUJaXRlbV9uYW1lcRtY\nIAAAAEVtcGVyb3IgQW5nZWxmaXNoIC0gSnV2ZW5pbGUgKEEpcRxVEWZ1ZWxfY2hhcmdlX3RvdGFs\ncR1HAAAAAAAAAABVDnN1cHBsaWVzX3RvdGFscR5HAAAAAAAAAABoC2gMVQtmdWVsX2NoYXJnZXEf\nRwAAAAAAAAAAVQl0aHVtYm5haWxxIFgsAAAAYXNzZXRzL2ltYWdlcy90aHVtYnMvMTg3X2p1dmll\nbXA1d190aHVtYi5qcGdxIVUPc2hpcHBpbmdfY2hhcmdlcSJLAFUFcHJpY2VxI2NkZWNpbWFsCkRl\nY2ltYWwKcSRVBzY5Ljk5MDBxJYVxJlJxJ2gKRwAAAAAAAAAAVQxleHRyYV9maWVkXzNxKFgOAAAA\nMS41LTIuNSBpbmNoZXNxKVUJc2FsZXByaWNlcSpoJFUHNjcuOTkwMHErhXEsUnEtVQZpbWFnZTNx\nLlgAAAAAcS9VBmltYWdlMnEwaC9VBmltYWdlMXExWB8AAABhc3NldHMvaW1hZ2VzLzE4N19qdXZp\nZW1wNXcuanBncTJoD2gkVQc2Ny45OTAwcTOFcTRScTVVC3RheF9wZXJjZW50cTZHAAAAAAAAAABV\nCnByb21vdGlvbnNxN0cAAAAAAAAAAGgOSwBVCmNhdGFsb2dfaWRxOIoCvgBoEIlVCHF1YW50aXR5\ncTlLAXVic3Uu\n','2013-06-14 21:59:22'),('1215ca524638800997cd44b761bddd11','ZTJkNTE4OTQxZDFkYzYwZWFiZGUyN2VmMTA4MzM5ZDJmOWNhZWQ4YjqAAn1xAChVEl9hdXRoX3Vz\nZXJfYmFja2VuZHEBVSlkamFuZ28uY29udHJpYi5hdXRoLmJhY2tlbmRzLk1vZGVsQmFja2VuZHEC\nVQ1fYXV0aF91c2VyX2lkcQOKAQF1Lg==\n','2013-04-30 21:25:49'),('122e1321710767026e0f0f82a0c86079','MTgyZmNmNjBkNGFiYjYwY2ZmNDk5Zjg2MzljMzhhZTlkNDY2NWY0NzqAAn1xAChVB0lzTG9naW5x\nAYhVCEN1c3RvbWVycQJjZGphbmdvLmRiLm1vZGVscy5iYXNlCm1vZGVsX3VucGlja2xlCnEDY21v\nZGVscwpjdXN0b21lcnMKcQRdcQVjZGphbmdvLmRiLm1vZGVscy5iYXNlCnNpbXBsZV9jbGFzc19m\nYWN0b3J5CnEGh3EHUnEIfXEJKFURc2hpcHBpbmdfYWRkcmVzczJxClgAAAAAcQtVBl9zdGF0ZXEM\nY2RqYW5nby5kYi5tb2RlbHMuYmFzZQpNb2RlbFN0YXRlCnENKYFxDn1xDyhVBmFkZGluZ3EQiVUC\nZGJxEVUHZGVmYXVsdHESdWJVDWFsdF9jb250YWN0aWRxE05VEnNoaXBwaW5nX2ZpcnN0bmFtZXEU\nWAUAAABTYXJhaHEVVQtsYXN0X3VwZGF0ZXEWY2RhdGV0aW1lCmRhdGV0aW1lCnEXVQoH3AYRAAAA\nAAAAcRiFcRlScRpVDWJpbGxpbmdfcGhvbmVxG1gMAAAAMzE3LTQ5MS00MDY2cRxVCWFjY291bnRu\nb3EdTlUMX29yaWdpbmFsX3BrcR6KA05XAVUIY29tbWVudHNxH05VD2JpbGxpbmdfY291bnRyeXEg\nWAIAAABVU3EhVQljb250YWN0aWRxIooDTlcBVQR0eXBlcSOKAFURc2hpcHBpbmdfbGFzdG5hbWVx\nJFgGAAAAV2FnbmVycSVVB3dlYnNpdGVxJk5VD2JpbGxpbmdfYWRkcmVzc3EnWA0AAAAxMDIxNSBT\nIDI1MCBXcShVCmN1c3RvdGhlcjFxKU5VDXNoaXBwaW5nX2NpdHlxKlgJAAAAUGVuZGxldG9ucStV\nEGJpbGxpbmdfYWRkcmVzczJxLGgLVQpwYXNzX2ZpZWxkcS1YBwAAAG11c2ljMjVxLlUOc2hpcHBp\nbmdfcGhvbmVxL1gMAAAAMzE3LTQ5MS00MDY2cTBVEWJpbGxpbmdfZmlyc3RuYW1lcTFYBQAAAEJl\ndHR5cTJVCGRpc2NvdW50cTNHAAAAAAAAAABVDWxhc3Rsb2dpbmRhdGVxNGgXVQoH3QUeADcSAAAA\ncTWFcTZScTdVDnNoaXBwaW5nX3N0YXRlcThYAgAAAElOcTlVDGJpbGxpbmdfY2l0eXE6WAkAAABQ\nZW5kbGV0b25xO1URYWRkaXRpb25hbF9maWVsZDNxPE5VEWFkZGl0aW9uYWxfZmllbGQycT1OVRFh\nZGRpdGlvbmFsX2ZpZWxkMXE+TlUQYmlsbGluZ19sYXN0bmFtZXE/WAYAAABXYWduZXJxQFUMc2hp\ncHBpbmdfemlwcUFYBQAAADQ2MDY0cUJVEWFkZGl0aW9uYWxfZmllbGQ0cUNOVQZ1c2VyaWRxRE5V\nCG1haWxsaXN0cUWKAQFVBWVtYWlscUZYFAAAAHdhZ25lcnNyQGluZGlhbmEuZWR1cUdVC2JpbGxp\nbmdfemlwcUhYBQAAADQ2MDY0cUlVC2N1c3RlbmFibGVkcUqKAQFVD2JpbGxpbmdfY29tcGFueXFL\naAtVEHNoaXBwaW5nX2FkZHJlc3NxTFgNAAAAMTAyMTUgUyAyNTAgV3FNVRBzaGlwcGluZ19jb21w\nYW55cU5oC1UQc2hpcHBpbmdfY291bnRyeXFPWAIAAABVU3FQVQ1iaWxsaW5nX3N0YXRlcVFYAgAA\nAElOcVJ1YlUJUmVDYXB0Y2hhcVNKxBABAHUu\n','2013-06-13 00:55:27'),('1a02cfe2464187c3da1a3d574e58899b','MmE0ZGMyNWMzNGYwZjBkMjM5Yjc1Y2Q2YWYxMTdhMDBkZTkyZDUxOTqAAn1xAFUJUmVDYXB0Y2hh\ncQFKITQBAHMu\n','2013-06-19 01:49:07'),('1db73f916ca295dbe93b5c5d9400057c','NTc3NmE2NGY5YzI4MTgzYzVmNGYzMGIzNGMxNzAzMzcyZmYwZDQ0MzqAAn1xAFUJUmVDYXB0Y2hh\ncQFKQAEBAHMu\n','2013-06-15 01:23:32'),('21ca1b5378ed994467aa6aa08d191f0f','ZmFjOTZkYjU1NDE4NjgwMWNjNjdiYzMzYjk1ZDRlYmZlMTgzZDExOTqAAn1xAChVCVJlQ2FwdGNo\nYXEBSmskAQBVDlNoaXBwaW5nTWV0aG9kcQJ9cQOKARBjZGphbmdvLmRiLm1vZGVscy5iYXNlCm1v\nZGVsX3VucGlja2xlCnEEY21vZGVscwpTaGlwcGluZ0NhdGVnb3J5CnEFXXEGY2RqYW5nby5kYi5t\nb2RlbHMuYmFzZQpzaW1wbGVfY2xhc3NfZmFjdG9yeQpxB4dxCFJxCX1xCihVBnN0YXR1c3ELWAYA\nAABBQ1RJVkVxDFUKY3JlYXRlZGF0ZXENTlURc2F0dXJkYXlfZGVsaXZlcnlxDksAVRBpc19mcmVl\nX3NoaXBwaW5ncQ9LAFUGX3N0YXRlcRBjZGphbmdvLmRiLm1vZGVscy5iYXNlCk1vZGVsU3RhdGUK\ncREpgXESfXETKFUGYWRkaW5ncRSJVQJkYnEVVQdkZWZhdWx0cRZ1YlUYZmxhdHJhdGVfc2hpcHBp\nbmdfY2hhcmdlcRdHAAAAAAAAAABVEXByaW9yaXR5X3NoaXBwaW5ncRhLAFULZnVlbF9jaGFyZ2Vx\nGUcAAAAAAAAAAFUPYWxhc2thX2RlbGl2ZXJ5cRpLAFUMX29yaWdpbmFsX3BrcRuKARBVDWNhdGVn\nb3J5X25hbWVxHFgNAAAATWlzY2VsbGFuZW91c3EdVQJpZHEeigEQVRd1c2VfZmVkZXhfc2hpcHBp\nbmdyYXRlc3EfSwB1YnNVCENhcnRJbmZvcSBjY2xhc3NlcwpDYXJ0SW5mbwpxISmBcSJ9cSMoVRBw\ncm9tb3Rpb25zX3RvdGFscSRHAAAAAAAAAABVCXRheF90b3RhbHElR0AsAAAAAAAAVQtvcmRlcl90\nb3RhbHEmR0BqwAAAAAAAVRBmdWVsY2hhcmdlX3RvdGFscSdHAAAAAAAAAABVD3N0b3JlX2NyZWRp\ndF9pZHEoSwBVEGNjX2FwcHJvdmFsX2NvZGVxKVUAcSpVDnNoaXBwaW5nX3RvdGFscStHAAAAAAAA\nAABVDHN0b3JlX2NyZWRpdHEsSwBVDl9lcnJvcl9tZXNzYWdlcS1oKlUWaXNfc3RvcmVjcmVkaXRf\nYXBwbGllZHEuiVUNX2Vycm9yX251bWJlcnEvSwBVCHN1YnRvdGFscTBHQGkAAAAAAABVB0lzRXJy\nb3JxMYl1YlUJQ2FydEl0ZW1zcTJ9cTNLC2NjbGFzc2VzCkNhcnRJdGVtCnE0KYFxNX1xNihVDXJl\nd2FyZF9wb2ludHNxN4oAaCRHAAAAAAAAAABVCXRheF92YWx1ZXE4RwAAAAAAAAAAVRFpc19yZXdh\ncmRfZW5hYmxlZHE5iVURc2hpcHBpbmdfY2F0ZWdvcnlxOooBEFUDcW9ocTtHQMHYgAAAAABoJUcA\nAAAAAAAAAFUJaXRlbV9uYW1lcTxYEAAAAEdpZnQgQ2VydGlmaWNhdGVxPVURZnVlbF9jaGFyZ2Vf\ndG90YWxxPkcAAAAAAAAAAFUOc3VwcGxpZXNfdG90YWxxP0cAAAAAAAAAAGgtaCpoGUcAAAAAAAAA\nAFUJdGh1bWJuYWlscUBYPwAAAC9hc3NldHMvdGVtcGxhdGVzL2RlZmF1bHQvaW1hZ2VzLzE1LWRh\neS1ndWFyYW50ZWVfdGh1bWJuYWlsLmdpZnFBVQ9zaGlwcGluZ19jaGFyZ2VxQksAVQVwcmljZXFD\nR0BZAAAAAAAAaCtHAAAAAAAAAABVDGV4dHJhX2ZpZWRfM3FEWAAAAABxRVUJc2FsZXByaWNlcUZj\nZGVjaW1hbApEZWNpbWFsCnFHVQYwLjAwMDBxSIVxSVJxSlUGaW1hZ2UzcUtoRVUGaW1hZ2UycUxo\nRVUGaW1hZ2UxcU1YNQAAAC9hc3NldHMvdGVtcGxhdGVzL2RlZmF1bHQvaW1hZ2VzLzE1LWRheS1n\ndWFyYW50ZWUuZ2lmcU5VFnNoaXBwaW5nX2NhdGVnb3J5X25hbWVxT1gNAAAATWlzY2VsbGFuZW91\nc3FQaDBHQGkAAAAAAABVC3RheF9wZXJjZW50cVFHAAAAAAAAAABVCnByb21vdGlvbnNxUkcAAAAA\nAAAAAGgvSwBVCmNhdGFsb2dfaWRxU4oBC2gxiVUIcXVhbnRpdHlxVEsCdWJzdS4=\n','2013-06-21 02:19:01'),('25e2e926783a4ae8c5ce7bbfb5d16a40','ZjRiOTMxMWUwNmI3Yzk2ODc2ZWFlMDI2MTI1NmM4MGI3MTE3Yzk5ODqAAn1xAChVB0lzTG9naW5x\nAYhVDlN0YWZmX3Bhc3N3b3JkcQJYCwAAADNkY2FydGFkbWlucQNVBVN0YWZmcQRjZGphbmdvLmRi\nLm1vZGVscy5iYXNlCm1vZGVsX3VucGlja2xlCnEFY21vZGVscwpBZG1pbnMKcQZdcQdjZGphbmdv\nLmRiLm1vZGVscy5iYXNlCnNpbXBsZV9jbGFzc19mYWN0b3J5CnEIh3EJUnEKfXELKFUIdXNlcm5h\nbWVxDFgLAAAAM2RjYXJ0YWRtaW5xDVUEbmFtZXEOWA0AAABBZG1pbmlzdHJhdG9ycQ9VDnRlcm1z\nX2FjY2VwdGVkcRBjZGF0ZXRpbWUKZGF0ZXRpbWUKcRFVCgfZCwQAAAAAAABxEoVxE1JxFFUKcGFz\nc19maWVsZHEVWCAAAAA2MjQ3YzRmNWE0ODVkMTg3ZGY4M2RmYWY2MzA3MTY5NXEWVQxfb3JpZ2lu\nYWxfcGtxF4oBAVUMcmVzZXRwYXNzZXhwcRhOVQZfc3RhdGVxGWNkamFuZ28uZGIubW9kZWxzLmJh\nc2UKTW9kZWxTdGF0ZQpxGimBcRt9cRwoVQZhZGRpbmdxHYlVAmRicR5VB2RlZmF1bHRxH3ViVQVl\nbWFpbHEgWBkAAABzaHVnaGVzQHNhbHR3YXRlcmZpc2guY29tcSFVBnVzZXJpcHEiWA0AAAA1MC4x\nOTIuMTUxLjQ5cSNVCmxhc3RjaGFuZ2VxJGgRVQoH3QUMFyAZAAAAcSWFcSZScSdVC3VzZXJzZXNz\naW9ucShYIAAAAFBxMEJkd29zU2NsQmtuS0g2TFBOQ3I3MWxENjBHYlFUcSlVCWxhc3Rsb2dpbnEq\naBFVCgfdBRsRGhIAAABxK4VxLFJxLVUJdXNlcmxldmVscS5LA1UMcmVzZXRwYXNza2V5cS9OVQ1p\ncF9yZXN0cmljdGVkcTBYAAAAAHExVQJpZHEyigEBVQtwZXJtaXNzaW9uc3EzWCwAAABUS0FJalU5\nNWhnaHRJUFlwcHhSSVY4OG1PMnA4bXlOK2hWQXF2UXJsSlJFPXE0dWJVDlN0YWZmX3VzZXJuYW1l\ncTVYCwAAADNkY2FydGFkbWlucTZ1Lg==\n','2013-06-10 20:32:02'),('27798465b22bd743b0c8366e75d0ac0d','NmU5YzMzZGI5ZDIyOTMyMmZkMDI4YzVmYmY2ZGU0MDA1MDY4ZTEwNjqAAn1xAFUJUmVDYXB0Y2hh\ncQFNtaxzLg==\n','2013-06-15 02:01:00'),('2bd7d71a3731119fd994f68433f968ab','M2YwOWFlOWZhYjFkZjA0NjkyODY5ZjMwZDQxYmUwMDhiMzMxMjdhMzqAAn1xAChVCVJlQ2FwdGNo\nYXEBSrcFAQBVDlBheW1lbnRHYXRld2F5cQJYDAAAAEFVVEhPUklaRU5FVHEDdS4=\n','2013-06-20 17:38:40'),('305a8725db6afae503164df172f2459b','NGZmNzNiZGI4ZWE1MDg5YmU0NzYwY2Q2NjEzYmNiYThlMmZjZTU4NDqAAn1xAFUJUmVDYXB0Y2hh\ncQFNy3BzLg==\n','2013-06-17 11:59:24'),('30f08175bb1bfe7232e440e878a06b6e','ZjYzZWIyZjA0OWEzODU5NTE2NGFhYWUxYmExYmVlOTNkYzgyNDg4ODqAAn1xAFUJUmVDYXB0Y2hh\ncQFN1SlzLg==\n','2013-06-17 12:22:44'),('321d3b3cc29ff75156c3b48d9429528a','MTNiZTYwYjUwZDgzZDYyNDdhMWQyYzgwODY1NjNmNzZlNjNhMTA4ZDqAAn1xAChVCVJlQ2FwdGNo\nYXEBTdxZVQpHdWVzdEVNYWlscQJYDQAAAGJsYWhAYmxhaC5jb21xA1UIQ2FydEluZm9xBGNjbGFz\nc2VzCkNhcnRJbmZvCnEFKYFxBn1xByhVEHByb21vdGlvbnNfdG90YWxxCEcAAAAAAAAAAFULb3Jk\nZXJfdG90YWxxCUdAYRwXwb2lElUQZnVlbGNoYXJnZV90b3RhbHEKR0AX64UeuFHsVQ9zdG9yZV9j\ncmVkaXRfaWRxC0sAVQ5zaGlwcGluZ190b3RhbHEMR0BD/XCj1wo+VRBjY19hcHByb3ZhbF9jb2Rl\ncQ1VAHEOVQ5fZXJyb3JfbWVzc2FnZXEPaA5VCXRheF90b3RhbHEQR0AXyqZML4N6VQxzdG9yZV9j\ncmVkaXRxEUsAVQ1fZXJyb3JfbnVtYmVycRJLAFUIc3VidG90YWxxE0dAVT4UeuFHrlUHSXNFcnJv\ncnEUiVUWaXNfc3RvcmVjcmVkaXRfYXBwbGllZHEViXViVQlDYXJ0SXRlbXNxFn1xFyhL22NjbGFz\nc2VzCkNhcnRJdGVtCnEYKYFxGX1xGihVDXJld2FyZF9wb2ludHNxG4oAaAhHAAAAAAAAAABVCXRh\neF92YWx1ZXEcRwAAAAAAAAAAVRFpc19yZXdhcmRfZW5hYmxlZHEdiFURc2hpcHBpbmdfY2F0ZWdv\ncnlxHooBCFUDcW9ocR9HQAAAAAAAAABoEEcAAAAAAAAAAFUJaXRlbV9uYW1lcSBYEgAAAExvbmdu\nb3NlIEJ1dHRlcmZseXEhVRFmdWVsX2NoYXJnZV90b3RhbHEiRwAAAAAAAAAAVQ5zdXBwbGllc190\nb3RhbHEjRwAAAAAAAAAAaA9oDlULZnVlbF9jaGFyZ2VxJEcAAAAAAAAAAFUJdGh1bWJuYWlscSVY\nKwAAAGFzc2V0cy9pbWFnZXMvdGh1bWJzLzIxNl9sb25nbm9zZV90aHVtYi5qcGdxJlUPc2hpcHBp\nbmdfY2hhcmdlcSdLAFUFcHJpY2VxKGNkZWNpbWFsCkRlY2ltYWwKcSlVBzI5Ljk5MDBxKoVxK1Jx\nLGgMRwAAAAAAAAAAVQxleHRyYV9maWVkXzNxLVgOAAAAMi41LTMuNSBpbmNoZXNxLlUJc2FsZXBy\naWNlcS9oKVUHMjcuOTkwMHEwhXExUnEyVQZpbWFnZTNxM1gAAAAAcTRVBmltYWdlMnE1aDRVBmlt\nYWdlMXE2WB4AAABhc3NldHMvaW1hZ2VzLzIxNl9sb25nbm9zZS5qcGdxN1UWc2hpcHBpbmdfY2F0\nZWdvcnlfbmFtZXE4WAsAAABNYXJpbmUgTGlmZXE5aBNoKVUHMjcuOTkwMHE6hXE7UnE8VQt0YXhf\ncGVyY2VudHE9RwAAAAAAAAAAVQpwcm9tb3Rpb25zcT5HAAAAAAAAAABoEksAVQpjYXRhbG9nX2lk\ncT+KAtsAaBSJVQhxdWFudGl0eXFASwF1Yk3FEWgYKYFxQX1xQihoG4oAaAhHAAAAAAAAAABoHEcA\nAAAAAAAAAGgdiWgeigENaB9HP/AAAAAAAABoEEcAAAAAAAAAAGggWBgAAABBbmdlbGZpc2hlcyBP\nZiBUaGUgV29ybGRxQ2giRwAAAAAAAAAAaCNHAAAAAAAAAABoD2gOaCRHAAAAAAAAAABoJVhFAAAA\nYXNzZXRzL2ltYWdlcy9hbmdlbGZpc2hlcy1vZi10aGUtd29ybGQtYnkta2l5b3NoaS1lbmRvaF90\naHVtYm5haWwuZ2lmcURoJ0sAaChoKVUHMjYuOTkwMHFFhXFGUnFHaAxHAAAAAAAAAABoLVgkAAAA\nT2NlYW5vZ3JhcGhpcyBTZXJpZXMgLSBLaXlvc2hpIEVuZG9ocUhoL2gpVQYwLjAwMDBxSYVxSlJx\nS2gzaDRoNWg0aDZYOwAAAGFzc2V0cy9pbWFnZXMvYW5nZWxmaXNoZXMtb2YtdGhlLXdvcmxkLWJ5\nLWtpeW9zaGktZW5kb2guZ2lmcUxoOFgRAAAAQXF1YXJpdW0gU3VwcGxpZXNxTWgTaClVBzI2Ljk5\nMDBxToVxT1JxUGg9RwAAAAAAAAAAaD5HAAAAAAAAAABoEksAaD+KAsURaBSJaEBLAXViTQYEaBgp\ngXFRfXFSKGgbigBoCEcAAAAAAAAAAGgcRwAAAAAAAAAAaB2IaB6KAQhoH0c/8AAAAAAAAGgQRwAA\nAAAAAAAAaCBYFAAAAENvcHBlcmJhbmQgQnV0dGVyZmx5cVNoIkcAAAAAAAAAAGgjRwAAAAAAAAAA\naA9oDmgkRwAAAAAAAAAAaCVYNQAAAGFzc2V0cy9pbWFnZXMvdGh1bWJzLzM0MTVfMjE1Y29wcGVy\nYmFuZG14MjhfdGh1bWIuanBncVRoJ0sAaChoKVUHMzkuOTkwMHFVhXFWUnFXaAxHAAAAAAAAAABo\nLVgKAAAAMi0zIGluY2hlc3FYaC9oKVUHMjkuOTkwMHFZhXFaUnFbaDNoNGg1aDRoNlgoAAAAYXNz\nZXRzL2ltYWdlcy8zNDE1XzIxNWNvcHBlcmJhbmRteDI4LmpwZ3FcaDhYCwAAAE1hcmluZSBMaWZl\ncV1oE2gpVQcyOS45OTAwcV6FcV9ScWBoPUcAAAAAAAAAAGg+RwAAAAAAAAAAaBJLAGg/igIGBGgU\niWhASwF1YnVVDlNoaXBwaW5nTWV0aG9kcWF9cWIoigEIY2RqYW5nby5kYi5tb2RlbHMuYmFzZQpt\nb2RlbF91bnBpY2tsZQpxY2Ntb2RlbHMKU2hpcHBpbmdDYXRlZ29yeQpxZF1xZWNkamFuZ28uZGIu\nbW9kZWxzLmJhc2UKc2ltcGxlX2NsYXNzX2ZhY3RvcnkKcWaHcWdScWh9cWkoVQZzdGF0dXNxalgG\nAAAAQUNUSVZFcWtVEGlzX2ZyZWVfc2hpcHBpbmdxbEsAVRFzYXR1cmRheV9kZWxpdmVyeXFtSxlV\nCmNyZWF0ZWRhdGVxbk5VBl9zdGF0ZXFvY2RqYW5nby5kYi5tb2RlbHMuYmFzZQpNb2RlbFN0YXRl\nCnFwKYFxcX1xcihVBmFkZGluZ3FziVUCZGJxdFUHZGVmYXVsdHF1dWJVGGZsYXRyYXRlX3NoaXBw\naW5nX2NoYXJnZXF2RwAAAAAAAAAAVRFwcmlvcml0eV9zaGlwcGluZ3F3SwpoJEdAB+uFHrhR7FUP\nYWxhc2thX2RlbGl2ZXJ5cXhLGVUMX29yaWdpbmFsX3BrcXmKAQhVDWNhdGVnb3J5X25hbWVxelgL\nAAAATWFyaW5lIExpZmVxe1UCaWRxfIoBCFUXdXNlX2ZlZGV4X3NoaXBwaW5ncmF0ZXNxfUsAdWKK\nAQ1oY2hkXXF+aGaHcX9ScYB9cYEoaGpYBgAAAEFDVElWRXGCaGxLAGhtSxlobk5ob2hwKYFxg31x\nhChoc4lodGh1dWJodkdAE/XCj1wo9mh3SwpoJEdAB+uFHrhR7Gh4SxloeYoBDWh6WBEAAABBcXVh\ncml1bSBTdXBwbGllc3GFaHyKAQ1ofUsAdWJ1VQ5QYXltZW50R2F0ZXdheXGGWAwAAABBVVRIT1JJ\nWkVORVRxh1UHSXNHdWVzdHGIiHUu\n','2013-06-20 16:06:29'),('33257c4a7a22c496a0f8dcaa4dc13388','MjY0MDdmMjcxMjQzOTM4MDJmYzNmMDFmMzAzMTUwYjEwY2YwNDUyMjqAAn1xAChVB0lzTG9naW5x\nAYhVDlN0YWZmX3Bhc3N3b3JkcQJYCwAAADNkY2FydGFkbWlucQNVDlN0YWZmX3VzZXJuYW1lcQRY\nCwAAADNkY2FydGFkbWlucQVVBVN0YWZmcQZjZGphbmdvLmRiLm1vZGVscy5iYXNlCm1vZGVsX3Vu\ncGlja2xlCnEHY21vZGVscwpBZG1pbnMKcQhdcQljZGphbmdvLmRiLm1vZGVscy5iYXNlCnNpbXBs\nZV9jbGFzc19mYWN0b3J5CnEKh3ELUnEMfXENKFUIdXNlcm5hbWVxDlgLAAAAM2RjYXJ0YWRtaW5x\nD1UEbmFtZXEQWA0AAABBZG1pbmlzdHJhdG9ycRFVDnRlcm1zX2FjY2VwdGVkcRJjZGF0ZXRpbWUK\nZGF0ZXRpbWUKcRNVCgfZCwQAAAAAAABxFIVxFVJxFlUKcGFzc19maWVsZHEXWCAAAAA2MjQ3YzRm\nNWE0ODVkMTg3ZGY4M2RmYWY2MzA3MTY5NXEYVQxfb3JpZ2luYWxfcGtxGYoBAVUMcmVzZXRwYXNz\nZXhwcRpOVQZfc3RhdGVxG2NkamFuZ28uZGIubW9kZWxzLmJhc2UKTW9kZWxTdGF0ZQpxHCmBcR19\ncR4oVQZhZGRpbmdxH4lVAmRicSBVB2RlZmF1bHRxIXViVQVlbWFpbHEiWBkAAABzaHVnaGVzQHNh\nbHR3YXRlcmZpc2guY29tcSNVBnVzZXJpcHEkWA0AAAA1MC4xOTIuMTUxLjQ5cSVVCmxhc3RjaGFu\nZ2VxJmgTVQoH3QUMFyAZAAAAcSeFcShScSlVC3VzZXJzZXNzaW9ucSpYIAAAAFBxMEJkd29zU2Ns\nQmtuS0g2TFBOQ3I3MWxENjBHYlFUcStVCWxhc3Rsb2dpbnEsaBNVCgfdBQ0UGjIAAABxLYVxLlJx\nL1UJdXNlcmxldmVscTBLA1UMcmVzZXRwYXNza2V5cTFOVQ1pcF9yZXN0cmljdGVkcTJYAAAAAHEz\nVQJpZHE0igEBVQtwZXJtaXNzaW9uc3E1WCwAAABUS0FJalU5NWhnaHRJUFlwcHhSSVY4OG1PMnA4\nbXlOK2hWQXF2UXJsSlJFPXE2dWJ1Lg==\n','2013-05-27 21:48:58'),('34cd98acbf01ef7098dfba63a6fb9282','YzBhMGY5ODgxZDQ1NWNiMDUzNmM4ZWM3MGQ3NzcwMmExYzQxMjY2ZjqAAn1xAChVCVJlQ2FwdGNo\nYXEBStg9AQBVCUNhcnRJdGVtc3ECfXEDS51LAXN1Lg==\n','2013-06-01 17:33:43'),('37d8b7618032356f03a41c8dab66c5ff','OGY0OGYzMzc3ZjFiOWI3NjhkNGZhMjMzYWEwODU2NTIzNDQyZTdlMjqAAn1xAChVCVJlQ2FwdGNo\nYXEBSvsVAQBVDlNoaXBwaW5nTWV0aG9kcQJ9cQMoigEIY2RqYW5nby5kYi5tb2RlbHMuYmFzZQpt\nb2RlbF91bnBpY2tsZQpxBGNtb2RlbHMKU2hpcHBpbmdDYXRlZ29yeQpxBV1xBmNkamFuZ28uZGIu\nbW9kZWxzLmJhc2UKc2ltcGxlX2NsYXNzX2ZhY3RvcnkKcQeHcQhScQl9cQooVQZzdGF0dXNxC1gG\nAAAAQUNUSVZFcQxVCmNyZWF0ZWRhdGVxDWNkYXRldGltZQpkYXRldGltZQpxDlUKB90GDAMJCgAA\nAHEPhXEQUnERVRFzYXR1cmRheV9kZWxpdmVyeXESR0A0AAAAAAAAVRBpc19mcmVlX3NoaXBwaW5n\ncRNLAFUGX3N0YXRlcRRjZGphbmdvLmRiLm1vZGVscy5iYXNlCk1vZGVsU3RhdGUKcRUpgXEWfXEX\nKFUGYWRkaW5ncRiJVQJkYnEZVQdkZWZhdWx0cRp1YlUYZmxhdHJhdGVfc2hpcHBpbmdfY2hhcmdl\ncRtOVRFwcmlvcml0eV9zaGlwcGluZ3EcR0AkAAAAAAAAVQtmdWVsX2NoYXJnZXEdR0AH64UeuFHs\nVQ9hbGFza2FfZGVsaXZlcnlxHkdAOQAAAAAAAFUMX29yaWdpbmFsX3BrcR+KAQhVDWNhdGVnb3J5\nX25hbWVxIFgLAAAATWFyaW5lIExpZmVxIVUCaWRxIooBCFUXdXNlX2ZlZGV4X3NoaXBwaW5ncmF0\nZXNxI051YooBDWgEaAVdcSRoB4dxJVJxJn1xJyhoC1gGAAAAQUNUSVZFcShoDWgOVQoH3QYMAwkL\nAAAAcSmFcSpScStoEkdANAAAAAAAAGgTSwBoFGgVKYFxLH1xLShoGIloGWgadWJoG05oHEdAJAAA\nAAAAAGgdR0AH64UeuFHsaB5HAAAAAAAAAABoH4oBDWggWBEAAABBcXVhcml1bSBTdXBwbGllc3Eu\naCKKAQ1oI051YnVVCENhcnRJbmZvcS9jY2xhc3NlcwpDYXJ0SW5mbwpxMCmBcTF9cTIoVRBwcm9t\nb3Rpb25zX3RvdGFscTNHAAAAAAAAAABVCXRheF90b3RhbHE0R0BQL9If8uSPVQtvcmRlcl90b3Rh\nbHE1R0CQLqs2eg+RVRBmdWVsY2hhcmdlX3RvdGFscTZHQBfrhR64UexVD3N0b3JlX2NyZWRpdF9p\nZHE3SwBVEGNjX2FwcHJvdmFsX2NvZGVxOFUAcTlVDnNoaXBwaW5nX3RvdGFscTpHQEP9cKPXCj5V\nDHN0b3JlX2NyZWRpdHE7SwBVDl9lcnJvcl9tZXNzYWdlcTxoOVUWaXNfc3RvcmVjcmVkaXRfYXBw\nbGllZHE9iVUNX2Vycm9yX251bWJlcnE+SwBVCHN1YnRvdGFscT9HQIznrhR64UhVB0lzRXJyb3Jx\nQIl1YlUJQ2FydEl0ZW1zcUF9cUIoTfgGY2NsYXNzZXMKQ2FydEl0ZW0KcUMpgXFEfXFFKFUNcmV3\nYXJkX3BvaW50c3FGigBoM0cAAAAAAAAAAFUJdGF4X3ZhbHVlcUdHAAAAAAAAAABVEWlzX3Jld2Fy\nZF9lbmFibGVkcUiIVRFzaGlwcGluZ19jYXRlZ29yeXFJigEIVQNxb2hxSkc/8AAAAAAAAGg0RwAA\nAAAAAAAAVQlpdGVtX25hbWVxS1ghAAAAVm9saXRhbiBMaW9uZmlzaCAtIFZlbm9tb3VzIFNtYWxs\ncUxVEWZ1ZWxfY2hhcmdlX3RvdGFscU1HAAAAAAAAAABVDnN1cHBsaWVzX3RvdGFscU5HAAAAAAAA\nAABoPGg5aB1HAAAAAAAAAABVCXRodW1ibmFpbHFPWCsAAABhc3NldHMvaW1hZ2VzL3RodW1icy8y\nODYxXzY0MGxpb25fdGh1bWIuanBncVBVD3NoaXBwaW5nX2NoYXJnZXFRSwBVBXByaWNlcVJjZGVj\naW1hbApEZWNpbWFsCnFTVQczNC45OTAwcVSFcVVScVZoOkcAAAAAAAAAAFUMZXh0cmFfZmllZF8z\ncVdYEAAAAHVwIHRvIDIuNSBpbmNoZXNxWFUJc2FsZXByaWNlcVloU1UGMC4wMDAwcVqFcVtScVxV\nBmltYWdlM3FdWAAAAABxXlUGaW1hZ2UycV9oXlUGaW1hZ2UxcWBYHgAAAGFzc2V0cy9pbWFnZXMv\nMjg2MV82NDBsaW9uLmpwZ3FhVRZzaGlwcGluZ19jYXRlZ29yeV9uYW1lcWJYCwAAAE1hcmluZSBM\naWZlcWNoP2hTVQczNC45OTAwcWSFcWVScWZVC3RheF9wZXJjZW50cWdHAAAAAAAAAABVCnByb21v\ndGlvbnNxaEcAAAAAAAAAAGg+SwBVCmNhdGFsb2dfaWRxaYoC+AZoQIlVCHF1YW50aXR5cWpLAXVi\nTVMIaEMpgXFrfXFsKGhGigBoM0cAAAAAAAAAAGhHRwAAAAAAAAAAaEiJaEmKAQ1oSkdAjzgAAAAA\nAGg0RwAAAAAAAAAAaEtYLAAAAEhhbWlsdG9uIDI0IiBEbHggMXgyNTAgMTBLIE1oIDJ4IDI0IHdh\ndHQgVC01cW1oTUcAAAAAAAAAAGhORwAAAAAAAAAAaDxoOWgdRwAAAAAAAAAAaE9YNgAAAGFzc2V0\ncy9pbWFnZXMvdGh1bWJzLzMzOTFfbHRobWEyYTE3NTEwazJ0NTI0X3RodW1iLmpwZ3FuaFFLAGhS\naFNVCDM5OS45OTAwcW+FcXBScXFoOkcAAAAAAAAAAGhXWAkAAAAyNCBpbmNoZXNxcmhZaFNVBjAu\nMDAwMHFzhXF0UnF1aF1oXmhfaF5oYFgpAAAAYXNzZXRzL2ltYWdlcy8zMzkxX2x0aG1hMmExNzUx\nMGsydDUyNC5qcGdxdmhiWBEAAABBcXVhcml1bSBTdXBwbGllc3F3aD9oU1UIMzk5Ljk5MDBxeIVx\neVJxemhnRwAAAAAAAAAAaGhHAAAAAAAAAABoPksAaGmKAlMIaECJaGpLAXViSxNoQymBcXt9cXwo\naEaKAGgzRwAAAAAAAAAAaEdHAAAAAAAAAABoSIloSYoBCGhKR0AsAAAAAAAAaDRHAAAAAAAAAABo\nS1gSAAAAQnViYmxlIFRpcCBBbmVtb25lcX1oTUcAAAAAAAAAAGhORwAAAAAAAAAAaDxoOWgdRwAA\nAAAAAAAAaE9YJgAAAGFzc2V0cy9pbWFnZXMvdGh1bWJzLzMxOF9hMjNfdGh1bWIuanBncX5oUUsA\naFJoU1UHMzkuOTkwMHF/hXGAUnGBaDpHAAAAAAAAAABoV1gKAAAAMi00IGluY2hlc3GCaFloU1UH\nMjkuOTkwMHGDhXGEUnGFaF1oXmhfaF5oYFgZAAAAYXNzZXRzL2ltYWdlcy8zMThfYTIzLmpwZ3GG\naGJYCwAAAE1hcmluZSBMaWZlcYdoP2hTVQcyOS45OTAwcYiFcYlScYpoZ0cAAAAAAAAAAGhoRwAA\nAAAAAAAAaD5LAGhpigETaECJaGpLAXViTVQIaEMpgXGLfXGMKGhGigBoM0cAAAAAAAAAAGhHRwAA\nAAAAAAAAaEiJaEmKAQ1oSkdAjzgAAAAAAGg0RwAAAAAAAAAAaEtYLAAAAEhhbWlsdG9uIDI0IiBE\nbHggMXg0MDAgMTBLIE1oIDJ4IDI0IHdhdHQgVC01cY1oTUcAAAAAAAAAAGhORwAAAAAAAAAAaDxo\nOWgdRwAAAAAAAAAAaE9YNgAAAGFzc2V0cy9pbWFnZXMvdGh1bWJzLzMzOTJfbHRobWEyYTE3NTEw\nazJ0NTI0X3RodW1iLmpwZ3GOaFFLAGhSaFNVCDQ1OS45OTAwcY+FcZBScZFoOkcAAAAAAAAAAGhX\nWAkAAAAyNCBpbmNoZXNxkmhZaFNVBjAuMDAwMHGThXGUUnGVaF1oXmhfaF5oYFgpAAAAYXNzZXRz\nL2ltYWdlcy8zMzkyX2x0aG1hMmExNzUxMGsydDUyNC5qcGdxlmhiWBEAAABBcXVhcml1bSBTdXBw\nbGllc3GXaD9oU1UINDU5Ljk5MDBxmIVxmVJxmmhnRwAAAAAAAAAAaGhHAAAAAAAAAABoPksAaGmK\nAlQIaECJaGpLAXVidXUu\n','2013-06-19 22:35:53'),('38e4276573a74990d63da4dbbfdc3bba','NjgzZjA2MWI1MWJkZWNiYjlkZmE3ZWQ0YjczN2E4NTk0YjJjZDQ0MTqAAn1xAChVCVJlQ2FwdGNo\nYXEBSikVAQBVDlNoaXBwaW5nTWV0aG9kcQJ9cQOKAQhjZGphbmdvLmRiLm1vZGVscy5iYXNlCm1v\nZGVsX3VucGlja2xlCnEEY21vZGVscwpTaGlwcGluZ0NhdGVnb3J5CnEFXXEGY2RqYW5nby5kYi5t\nb2RlbHMuYmFzZQpzaW1wbGVfY2xhc3NfZmFjdG9yeQpxB4dxCFJxCX1xCihVBnN0YXR1c3ELWAYA\nAABBQ1RJVkVxDFUKY3JlYXRlZGF0ZXENY2RhdGV0aW1lCmRhdGV0aW1lCnEOVQoH3QYMAwkKAAAA\ncQ+FcRBScRFVEXNhdHVyZGF5X2RlbGl2ZXJ5cRJHQDQAAAAAAABVEGlzX2ZyZWVfc2hpcHBpbmdx\nE0sAVQZfc3RhdGVxFGNkamFuZ28uZGIubW9kZWxzLmJhc2UKTW9kZWxTdGF0ZQpxFSmBcRZ9cRco\nVQZhZGRpbmdxGIlVAmRicRlVB2RlZmF1bHRxGnViVRhmbGF0cmF0ZV9zaGlwcGluZ19jaGFyZ2Vx\nG05VEXByaW9yaXR5X3NoaXBwaW5ncRxHQCQAAAAAAABVC2Z1ZWxfY2hhcmdlcR1HQAfrhR64UexV\nD2FsYXNrYV9kZWxpdmVyeXEeR0A5AAAAAAAAVQxfb3JpZ2luYWxfcGtxH4oBCFUNY2F0ZWdvcnlf\nbmFtZXEgWAsAAABNYXJpbmUgTGlmZXEhVQJpZHEiigEIVRd1c2VfZmVkZXhfc2hpcHBpbmdyYXRl\nc3EjTnVic1UIQ2FydEluZm9xJGNjbGFzc2VzCkNhcnRJbmZvCnElKYFxJn1xJyhVEHByb21vdGlv\nbnNfdG90YWxxKEcAAAAAAAAAAFUJdGF4X3RvdGFscSlHP/ZjiGWUr05VC29yZGVyX3RvdGFscSpH\nQE2vRTjvNNdVEGZ1ZWxjaGFyZ2VfdG90YWxxK0dAB+uFHrhR7FUPc3RvcmVfY3JlZGl0X2lkcSxL\nAFUQY2NfYXBwcm92YWxfY29kZXEtVQBxLlUOc2hpcHBpbmdfdG90YWxxL0dAQX64UeuFH1UMc3Rv\ncmVfY3JlZGl0cTBLAFUOX2Vycm9yX21lc3NhZ2VxMWguVRZpc19zdG9yZWNyZWRpdF9hcHBsaWVk\ncTKJVQ1fZXJyb3JfbnVtYmVycTNLAFUIc3VidG90YWxxNEdAM/1wo9cKPVUHSXNFcnJvcnE1iXVi\nVQlDYXJ0SXRlbXNxNn1xN03CF2NjbGFzc2VzCkNhcnRJdGVtCnE4KYFxOX1xOihVDXJld2FyZF9w\nb2ludHNxO4oAaChHAAAAAAAAAABVCXRheF92YWx1ZXE8RwAAAAAAAAAAVRFpc19yZXdhcmRfZW5h\nYmxlZHE9iFURc2hpcHBpbmdfY2F0ZWdvcnlxPooBCFUDcW9ocT9HP/AAAAAAAABoKUcAAAAAAAAA\nAFUJaXRlbV9uYW1lcUBYJQAAAFNwaW55IFN0YXIgQXN0cmVhIFNuYWlsIC0gR3JvdXAgb2YgMTBx\nQVURZnVlbF9jaGFyZ2VfdG90YWxxQkcAAAAAAAAAAFUOc3VwcGxpZXNfdG90YWxxQ0cAAAAAAAAA\nAGgxaC5oHUcAAAAAAAAAAFUJdGh1bWJuYWlscURYLAAAAGFzc2V0cy9pbWFnZXMvc3Bpbnktc3Rh\nci1zbmFpbF90aHVtYm5haWwuanBncUVVD3NoaXBwaW5nX2NoYXJnZXFGSwBVBXByaWNlcUdjZGVj\naW1hbApEZWNpbWFsCnFIVQczNC45MDAwcUmFcUpScUtoL0cAAAAAAAAAAFUMZXh0cmFfZmllZF8z\ncUxYDAAAAHVwIHRvIDEgaW5jaHFNVQlzYWxlcHJpY2VxTmhIVQcxOS45OTAwcU+FcVBScVFVBmlt\nYWdlM3FSWAAAAABxU1UGaW1hZ2UycVRoU1UGaW1hZ2UxcVVYIgAAAGFzc2V0cy9pbWFnZXMvc3Bp\nbnktc3Rhci1zbmFpbC5qcGdxVlUWc2hpcHBpbmdfY2F0ZWdvcnlfbmFtZXFXWAsAAABNYXJpbmUg\nTGlmZXFYaDRoSFUHMTkuOTkwMHFZhXFaUnFbVQt0YXhfcGVyY2VudHFcRwAAAAAAAAAAVQpwcm9t\nb3Rpb25zcV1HAAAAAAAAAABoM0sAVQpjYXRhbG9nX2lkcV6KAsIXaDWJVQhxdWFudGl0eXFfSwF1\nYnN1Lg==\n','2013-06-19 22:57:10'),('3cf66c30da6663baf07f8cad556400df','YTY1ZDc4MGMyMDcwNDI0NDBkZTA5YWI2MWJjZTUyNjFkMTRmOTk1MTqAAn1xAChVCVJlQ2FwdGNo\nYXEBTeSzVQpHdWVzdEVNYWlscQJYDQAAAGJsYWhAYmxhaC5jb21xA1UIQ2FydEluZm9xBGNjbGFz\nc2VzCkNhcnRJbmZvCnEFKYFxBn1xByhVEHByb21vdGlvbnNfdG90YWxxCEcAAAAAAAAAAFULb3Jk\nZXJfdG90YWxxCUdARjHUlRgqmlUQZnVlbGNoYXJnZV90b3RhbHEKR0AH64UeuFHsVQ9zdG9yZV9j\ncmVkaXRfaWRxC0sAVQ5zaGlwcGluZ190b3RhbHEMR0BBfrhR64UfVRBjY19hcHByb3ZhbF9jb2Rl\ncQ1VAHEOVQ5fZXJyb3JfbWVzc2FnZXEPaA5VCXRheF90b3RhbHEQRz/a1c+qzZ6EVQxzdG9yZV9j\ncmVkaXRxEUsAVQ1fZXJyb3JfbnVtYmVycRJLAFUIc3VidG90YWxxE0dAF/XCj1wo9lUHSXNFcnJv\ncnEUiVUWaXNfc3RvcmVjcmVkaXRfYXBwbGllZHEViXViVQlDYXJ0SXRlbXNxFn1xF02mDmNjbGFz\nc2VzCkNhcnRJdGVtCnEYKYFxGX1xGihVDXJld2FyZF9wb2ludHNxG4oAaAhHAAAAAAAAAABVCXRh\neF92YWx1ZXEcRwAAAAAAAAAAVRFpc19yZXdhcmRfZW5hYmxlZHEdiVURc2hpcHBpbmdfY2F0ZWdv\ncnlxHooBCFUDcW9ocR9HQI8oAAAAAABoEEcAAAAAAAAAAFUJaXRlbV9uYW1lcSBYIwAAAEVtZXJh\nbGQgQ3JhYiAtIEJ1eSBPbmUgR2V0IE9uZSBGcmVlcSFVEWZ1ZWxfY2hhcmdlX3RvdGFscSJHAAAA\nAAAAAABVDnN1cHBsaWVzX3RvdGFscSNHAAAAAAAAAABoD2gOVQtmdWVsX2NoYXJnZXEkRwAAAAAA\nAAAAVQl0aHVtYm5haWxxJVgsAAAAYXNzZXRzL2ltYWdlcy9lbWVyYWxkLWNyYWJzKDIpX3RodW1i\nbmFpbC5qcGdxJlUPc2hpcHBpbmdfY2hhcmdlcSdLAFUFcHJpY2VxKGNkZWNpbWFsCkRlY2ltYWwK\ncSlVBjcuOTkwMHEqhXErUnEsaAxHAAAAAAAAAABVDGV4dHJhX2ZpZWRfM3EtWA0AAAAxLzIgLSAx\nICBpbmNocS5VCXNhbGVwcmljZXEvaClVBjUuOTkwMHEwhXExUnEyVQZpbWFnZTNxM1gAAAAAcTRV\nBmltYWdlMnE1aDRVBmltYWdlMXE2WCIAAABhc3NldHMvaW1hZ2VzL2VtZXJhbGQtY3JhYnMoMiku\nanBncTdVFnNoaXBwaW5nX2NhdGVnb3J5X25hbWVxOFgLAAAATWFyaW5lIExpZmVxOWgTaClVBjUu\nOTkwMHE6hXE7UnE8VQt0YXhfcGVyY2VudHE9RwAAAAAAAAAAVQpwcm9tb3Rpb25zcT5HAAAAAAAA\nAABoEksAVQpjYXRhbG9nX2lkcT+KAqYOaBSJVQhxdWFudGl0eXFASwF1YnNVDlNoaXBwaW5nTWV0\naG9kcUF9cUKKAQhjZGphbmdvLmRiLm1vZGVscy5iYXNlCm1vZGVsX3VucGlja2xlCnFDY21vZGVs\ncwpTaGlwcGluZ0NhdGVnb3J5CnFEXXFFY2RqYW5nby5kYi5tb2RlbHMuYmFzZQpzaW1wbGVfY2xh\nc3NfZmFjdG9yeQpxRodxR1JxSH1xSShVBnN0YXR1c3FKWAYAAABBQ1RJVkVxS1UKY3JlYXRlZGF0\nZXFMTlURc2F0dXJkYXlfZGVsaXZlcnlxTUsZVRBpc19mcmVlX3NoaXBwaW5ncU5LAFUGX3N0YXRl\ncU9jZGphbmdvLmRiLm1vZGVscy5iYXNlCk1vZGVsU3RhdGUKcVApgXFRfXFSKFUGYWRkaW5ncVOJ\nVQJkYnFUVQdkZWZhdWx0cVV1YlUYZmxhdHJhdGVfc2hpcHBpbmdfY2hhcmdlcVZHAAAAAAAAAABV\nEXByaW9yaXR5X3NoaXBwaW5ncVdLCmgkR0AH64UeuFHsVQ9hbGFza2FfZGVsaXZlcnlxWEsZVQxf\nb3JpZ2luYWxfcGtxWYoBCFUNY2F0ZWdvcnlfbmFtZXFaWAsAAABNYXJpbmUgTGlmZXFbVQJpZHFc\nigEIVRd1c2VfZmVkZXhfc2hpcHBpbmdyYXRlc3FdSwB1YnNVDlBheW1lbnRHYXRld2F5cV5YDAAA\nAEFVVEhPUklaRU5FVHFfVQdJc0d1ZXN0cWCIdS4=\n','2013-06-20 17:41:31'),('3d0b4f54c70e18e67e9d1af19613277b','YWMyZjU2MjY5ZDQzYmI4ZTk4YmZiZDdiOTVlNTdkOTk4NjVlMjczMjqAAn1xAFUJUmVDYXB0Y2hh\ncQFNAj5zLg==\n','2013-06-18 00:14:06'),('4257d8eeb7ab84ef82f3c34da83cc0ac','Y2NkMTc2NWFkN2I5Y2Y5ZWRlZDk2NjI1NmNhMWNiNDI2YTc5YWI0MTqAAn1xAChVCVJlQ2FwdGNo\nYXEBTb+CVQlDYXJ0SXRlbXNxAn1xA3Uu\n','2013-06-17 21:20:46'),('4bf24cf5eef43c9c714e10bbbfcec58e','YjRlNWU4ODdjZDVlNjAwMDQ4NzBhZGJlNzM2YzZjMGZjOWQwZmI0NjqAAn1xAChVB0lzTG9naW5x\nAYhVCEN1c3RvbWVycQJjZGphbmdvLmRiLm1vZGVscy5iYXNlCm1vZGVsX3VucGlja2xlCnEDY21v\nZGVscwpjdXN0b21lcnMKcQRdcQVjZGphbmdvLmRiLm1vZGVscy5iYXNlCnNpbXBsZV9jbGFzc19m\nYWN0b3J5CnEGh3EHUnEIfXEJKFURc2hpcHBpbmdfYWRkcmVzczJxClgAAAAAcQtVBl9zdGF0ZXEM\nY2RqYW5nby5kYi5tb2RlbHMuYmFzZQpNb2RlbFN0YXRlCnENKYFxDn1xDyhVBmFkZGluZ3EQiVUC\nZGJxEVUHZGVmYXVsdHESdWJVDWFsdF9jb250YWN0aWRxE2gLVRJzaGlwcGluZ19maXJzdG5hbWVx\nFFgEAAAAdGxvbXEVVQtsYXN0X3VwZGF0ZXEWY2RhdGV0aW1lCmRhdGV0aW1lCnEXVQoH2QwDAAAA\nAAAAcRiFcRlScRpVDWJpbGxpbmdfcGhvbmVxG1gKAAAANzcyODgyMDUwNnEcVQlhY2NvdW50bm9x\nHWgLVQxfb3JpZ2luYWxfcGtxHooDWLgAVQhjb21tZW50c3EfaAtVD2JpbGxpbmdfY291bnRyeXEg\nWAIAAABVU3EhVQljb250YWN0aWRxIooDWLgAVQR0eXBlcSOKAFURc2hpcHBpbmdfbGFzdG5hbWVx\nJFgNAAAAZ2xhbnogdGVzdGluZ3ElVQd3ZWJzaXRlcSZOVQ9iaWxsaW5nX2FkZHJlc3NxJ1gHAAAA\nNjc0NSBud3EoVQpjdXN0b3RoZXIxcSlOVQ1zaGlwcGluZ19jaXR5cSpYAwAAAHBzbHErVRBiaWxs\naW5nX2FkZHJlc3MycSxoC1UKcGFzc19maWVsZHEtWAgAAAB0b21nbGFuenEuVQ5zaGlwcGluZ19w\naG9uZXEvWAcAAAA4ODIwNTA2cTBVEWJpbGxpbmdfZmlyc3RuYW1lcTFYBAAAAHRsb21xMlUIZGlz\nY291bnRxM0dAHAAAAAAAAFUNbGFzdGxvZ2luZGF0ZXE0aBdVCgfdBgoNHzMAAABxNYVxNlJxN1UO\nc2hpcHBpbmdfc3RhdGVxOFgCAAAATEFxOVUMYmlsbGluZ19jaXR5cTpYAwAAAHBzbHE7VRFhZGRp\ndGlvbmFsX2ZpZWxkM3E8aAtVEWFkZGl0aW9uYWxfZmllbGQycT1oC1URYWRkaXRpb25hbF9maWVs\nZDFxPmgLVRBiaWxsaW5nX2xhc3RuYW1lcT9YDQAAAGdsYW56IHRlc3RpbmdxQFUMc2hpcHBpbmdf\nemlwcUFYBQAAADM0OTgzcUJVEWFkZGl0aW9uYWxfZmllbGQ0cUNOVQZ1c2VyaWRxRE5VCG1haWxs\naXN0cUWKAFUFZW1haWxxRlgYAAAAdGdsYW56QHNhbHR3YXRlcmZpc2guY29tcUdVC2JpbGxpbmdf\nemlwcUhYBQAAADM0OTgzcUlVC2N1c3RlbmFibGVkcUqKAQFVD2JpbGxpbmdfY29tcGFueXFLWA0A\nAABNVkkgU29sdXRpb25zcUxVEHNoaXBwaW5nX2FkZHJlc3NxTVgHAAAANjc0NSBud3FOVRBzaGlw\ncGluZ19jb21wYW55cU9YDwAAAHNoaXBpbmcgY29tcGFueXFQVRBzaGlwcGluZ19jb3VudHJ5cVFY\nAgAAAFVTcVJVDWJpbGxpbmdfc3RhdGVxU1gCAAAATEFxVHViVQlSZUNhcHRjaGFxVU1pYHUu\n','2013-06-25 14:33:05'),('4c626867629eeaaf9bd4aa3a3210e307','NmZiNTBlZmJkNWU3OTEyNjY1ODY2YjRmOWJjMDY2MWNlYTBjMDZhMjqAAn1xAChVCVJlQ2FwdGNo\nYXEBTa7FVQhDYXJ0SW5mb3ECY2NsYXNzZXMKQ2FydEluZm8KcQMpgXEEfXEFKFUQcHJvbW90aW9u\nc190b3RhbHEGRwAAAAAAAAAAVQtvcmRlcl90b3RhbHEHR0CXA5+KCQLeVRBmdWVsY2hhcmdlX3Rv\ndGFscQhHQBfrhR64UexVD3N0b3JlX2NyZWRpdF9pZHEJSwBVDnNoaXBwaW5nX3RvdGFscQpHQD36\n4UeuFHpVEGNjX2FwcHJvdmFsX2NvZGVxC1UAcQxVDl9lcnJvcl9tZXNzYWdlcQ1oDFUJdGF4X3Rv\ndGFscQ5HQFeAXwb2lEhVDHN0b3JlX2NyZWRpdHEPSwBVDV9lcnJvcl9udW1iZXJxEEsAVQhzdWJ0\nb3RhbHERR0CU+8KPXCj2VQdJc0Vycm9ycRKJVRZpc19zdG9yZWNyZWRpdF9hcHBsaWVkcROJdWJV\nCkd1ZXN0RU1haWxxFFgNAAAAYmxhaEBibGFoLmNvbXEVVQlDYXJ0SXRlbXNxFn1xFyhNkgdjY2xh\nc3NlcwpDYXJ0SXRlbQpxGCmBcRl9cRooVQ1yZXdhcmRfcG9pbnRzcRuKAGgGRwAAAAAAAAAAVQl0\nYXhfdmFsdWVxHEcAAAAAAAAAAFURaXNfcmV3YXJkX2VuYWJsZWRxHYhVEXNoaXBwaW5nX2NhdGVn\nb3J5cR6KAQhVA3FvaHEfR0BXAAAAAAAAaA5HAAAAAAAAAABVCWl0ZW1fbmFtZXEgWBUAAABPUkEg\nRGlnaXRhdGEgLSBPcmFuZ2VxIVURZnVlbF9jaGFyZ2VfdG90YWxxIkcAAAAAAAAAAFUOc3VwcGxp\nZXNfdG90YWxxI0cAAAAAAAAAAGgNaAxVC2Z1ZWxfY2hhcmdlcSRHAAAAAAAAAABVCXRodW1ibmFp\nbHElWDAAAABhc3NldHMvaW1hZ2VzL3RodW1icy8zMTE5X2RpZ2l0YW9yYW5nZV90aHVtYi5qcGdx\nJlUPc2hpcHBpbmdfY2hhcmdlcSdLAFUFcHJpY2VxKGNkZWNpbWFsCkRlY2ltYWwKcSlVBzQ5Ljk5\nMDBxKoVxK1JxLGgKRwAAAAAAAAAAVQxleHRyYV9maWVkXzNxLVgIAAAAMiBpbmNoZXNxLlUJc2Fs\nZXByaWNlcS9oKVUHMjcuOTkwMHEwhXExUnEyVQZpbWFnZTNxM1gAAAAAcTRVBmltYWdlMnE1aDRV\nBmltYWdlMXE2WCMAAABhc3NldHMvaW1hZ2VzLzMxMTlfZGlnaXRhb3JhbmdlLmpwZ3E3VRZzaGlw\ncGluZ19jYXRlZ29yeV9uYW1lcThYCwAAAE1hcmluZSBMaWZlcTloEWgpVQcyNy45OTAwcTqFcTtS\ncTxVC3RheF9wZXJjZW50cT1HAAAAAAAAAABVCnByb21vdGlvbnNxPkcAAAAAAAAAAGgQSwBVCmNh\ndGFsb2dfaWRxP4oCkgdoEolVCHF1YW50aXR5cUBLAXViSxNoGCmBcUF9cUIoaBuKAGgGRwAAAAAA\nAAAAaBxHAAAAAAAAAABoHYloHooBCGgfR0AsAAAAAAAAaA5HAAAAAAAAAABoIFgSAAAAQnViYmxl\nIFRpcCBBbmVtb25lcUNoIkcAAAAAAAAAAGgjRwAAAAAAAAAAaA1oDGgkRwAAAAAAAAAAaCVYJgAA\nAGFzc2V0cy9pbWFnZXMvdGh1bWJzLzMxOF9hMjNfdGh1bWIuanBncURoJ0sAaChoKVUHMzkuOTkw\nMHFFhXFGUnFHaApHAAAAAAAAAABoLVgKAAAAMi00IGluY2hlc3FIaC9oKVUHMjkuOTkwMHFJhXFK\nUnFLaDNoNGg1aDRoNlgZAAAAYXNzZXRzL2ltYWdlcy8zMThfYTIzLmpwZ3FMaDhYCwAAAE1hcmlu\nZSBMaWZlcU1oEWgpVQcyOS45OTAwcU6FcU9ScVBoPUcAAAAAAAAAAGg+RwAAAAAAAAAAaBBLAGg/\nigETaBKJaEBLAXViTVIIaBgpgXFRfXFSKGgbigBoBkcAAAAAAAAAAGgcRwAAAAAAAAAAaB2JaB6K\nAQ1oH0dAjzgAAAAAAGgORwAAAAAAAAAAaCBYLAAAAEhhbWlsdG9uIDI0IiBEbHggMXgxNzUgMTBL\nIE1oIDJ4IDI0IHdhdHQgVC01cVNoIkcAAAAAAAAAAGgjRwAAAAAAAAAAaA1oDGgkRwAAAAAAAAAA\naCVYNgAAAGFzc2V0cy9pbWFnZXMvdGh1bWJzLzMzOTBfbHRobWEyYTE3NTEwazJ0NTI0X3RodW1i\nLmpwZ3FUaCdLAGgoaClVCDM5OS45OTAwcVWFcVZScVdoCkcAAAAAAAAAAGgtWAkAAAAyNCBpbmNo\nZXNxWGgvaClVBjAuMDAwMHFZhXFaUnFbaDNoNGg1aDRoNlgpAAAAYXNzZXRzL2ltYWdlcy8zMzkw\nX2x0aG1hMmExNzUxMGsydDUyNC5qcGdxXGg4WBEAAABBcXVhcml1bSBTdXBwbGllc3FdaBFoKVUJ\nMTE5OS45NzAwcV6FcV9ScWBoPUcAAAAAAAAAAGg+RwAAAAAAAAAAaBBLAGg/igJSCGgSiWhASwN1\nYk32BmgYKYFxYX1xYihoG4oAaAZHAAAAAAAAAABoHEcAAAAAAAAAAGgdiGgeigEIaB9HP/AAAAAA\nAABoDkcAAAAAAAAAAGggWCYAAABBbnRlbm5ldGEgTGlvbmZpc2ggLSBWZW5vbW91cyAtIE1lZGl1\nbXFjaCJHAAAAAAAAAABoI0cAAAAAAAAAAGgNaAxoJEcAAAAAAAAAAGglWDkAAABhc3NldHMvaW1h\nZ2VzL3RodW1icy8yODU5XzQ4N2FudGVubmF0YWxpb25maXNoMV90aHVtYi5qcGdxZGgnSwBoKGgp\nVQc1NC45OTAwcWWFcWZScWdoCkcAAAAAAAAAAGgtWAoAAAAzLTQgaW5jaGVzcWhoL2gpVQc0OS45\nOTAwcWmFcWpScWtoM2g0aDVoNGg2WCwAAABhc3NldHMvaW1hZ2VzLzI4NTlfNDg3YW50ZW5uYXRh\nbGlvbmZpc2gxLmpwZ3FsaDhYCwAAAE1hcmluZSBMaWZlcW1oEWgpVQc0OS45OTAwcW6FcW9ScXBo\nPUcAAAAAAAAAAGg+RwAAAAAAAAAAaBBLAGg/igL2BmgSiWhASwF1Yk2eAWgYKYFxcX1xcihoG4oA\naAZHAAAAAAAAAABoHEcAAAAAAAAAAGgdiGgeigEIaB9HQAAAAAAAAABoDkcAAAAAAAAAAGggWB8A\nAABIYW1tZXIgQ29yYWwgQnJhbmNoaW5nIC0gTWVkaXVtcXNoIkcAAAAAAAAAAGgjRwAAAAAAAAAA\naA1oDGgkRwAAAAAAAAAAaCVYHwAAAGFzc2V0cy9pbWFnZXMvaCAzX3RodW1ibmFpbC5qcGdxdGgn\nSwBoKGgpVQc0OS45OTAwcXWFcXZScXdoCkcAAAAAAAAAAGgtWB0AAABCcmFuY2hpbmcgU2tlbGV0\nb24gdy8gMyBIZWFkc3F4aC9oKVUHMzUuMDAwMHF5hXF6UnF7aDNoNGg1aDRoNlgVAAAAYXNzZXRz\nL2ltYWdlcy9oIDMuanBncXxoOFgLAAAATWFyaW5lIExpZmVxfWgRaClVBzM1LjAwMDBxfoVxf1Jx\ngGg9RwAAAAAAAAAAaD5HAAAAAAAAAABoEEsAaD+KAp4BaBKJaEBLAXVidVUOU2hpcHBpbmdNZXRo\nb2RxgX1xgiiKAQhjZGphbmdvLmRiLm1vZGVscy5iYXNlCm1vZGVsX3VucGlja2xlCnGDY21vZGVs\ncwpTaGlwcGluZ0NhdGVnb3J5CnGEXXGFY2RqYW5nby5kYi5tb2RlbHMuYmFzZQpzaW1wbGVfY2xh\nc3NfZmFjdG9yeQpxhodxh1JxiH1xiShVBnN0YXR1c3GKWAYAAABBQ1RJVkVxi1UKY3JlYXRlZGF0\nZXGMY2RhdGV0aW1lCmRhdGV0aW1lCnGNVQoH3QYMAwkKAAAAcY6FcY9ScZBVEXNhdHVyZGF5X2Rl\nbGl2ZXJ5cZFHQDQAAAAAAABVEGlzX2ZyZWVfc2hpcHBpbmdxkksAVQZfc3RhdGVxk2NkamFuZ28u\nZGIubW9kZWxzLmJhc2UKTW9kZWxTdGF0ZQpxlCmBcZV9cZYoVQZhZGRpbmdxl4lVAmRicZhVB2Rl\nZmF1bHRxmXViVRhmbGF0cmF0ZV9zaGlwcGluZ19jaGFyZ2Vxmk5VEXByaW9yaXR5X3NoaXBwaW5n\ncZtHQCQAAAAAAABoJEdAB+uFHrhR7FUPYWxhc2thX2RlbGl2ZXJ5cZxHQDkAAAAAAABVDF9vcmln\naW5hbF9wa3GdigEIVQ1jYXRlZ29yeV9uYW1lcZ5YCwAAAE1hcmluZSBMaWZlcZ9VAmlkcaCKAQhV\nF3VzZV9mZWRleF9zaGlwcGluZ3JhdGVzcaFOdWKKAQ1og2iEXXGiaIaHcaNScaR9caUoaIpYBgAA\nAEFDVElWRXGmaIxojVUKB90GDAMJCwAAAHGnhXGoUnGpaJFHQDQAAAAAAABokksAaJNolCmBcap9\ncasoaJeJaJhomXViaJpOaJtHQCQAAAAAAABoJEdAB+uFHrhR7GicRwAAAAAAAAAAaJ2KAQ1onlgR\nAAAAQXF1YXJpdW0gU3VwcGxpZXNxrGigigENaKFOdWJ1VQ1FcnJvck1lc3NhZ2Uyca1VQ1lvdSBh\ncmUgYWxyZWFkeSBhIHJlZ2lzdGVyZWQgY3VzdG9tZXIuIFBsZWFzZSBsb2dpbiBmcm9tIGxlZnQg\ncGFuZS5xrlUOUGF5bWVudEdhdGV3YXlxr1gMAAAAQVVUSE9SSVpFTkVUcbBVB0lzR3Vlc3RxsYh1\nLg==\n','2013-06-20 05:59:51'),('4c89fd5649234f7e757de46edf97f504','OWQ3NjQyN2E3Y2E1YWFiMDdiZDdjMjg4YWE0MWJhYmM2MDQ0Y2JhMzqAAn1xAFUJUmVDYXB0Y2hh\ncQFN71NzLg==\n','2013-06-16 01:49:29'),('4c9e45c30ecdb6dc3c391f273126ed52','ZTJkNTE4OTQxZDFkYzYwZWFiZGUyN2VmMTA4MzM5ZDJmOWNhZWQ4YjqAAn1xAChVEl9hdXRoX3Vz\nZXJfYmFja2VuZHEBVSlkamFuZ28uY29udHJpYi5hdXRoLmJhY2tlbmRzLk1vZGVsQmFja2VuZHEC\nVQ1fYXV0aF91c2VyX2lkcQOKAQF1Lg==\n','2013-05-19 15:56:11'),('50d5c45b3908b51c5a100adab7daf041','MzIzOGE5NDc5NmJjOTk2ZGNiNTBjYzUwNzc0YTVmN2MxYTc2MWExMDqAAn1xAFUJUmVDYXB0Y2hh\ncQFNt8RzLg==\n','2013-06-15 19:01:02'),('529a27753b3a2d049e008c495df82562','Mzc5MDJkNGVmZjgzNDUyNmY1ZTVhYjY4NTk2OTRjZjkxMWVhMWZiNTqAAn1xAFUJUmVDYXB0Y2hh\ncQFKiBYBAHMu\n','2013-06-18 02:57:35'),('5c2fd06e4c80533634c66f272c93a93f','N2NkMjYxMGE1MDNhYWNmOWM3MWUzOWFjZmMzYzEzZjY3MjBkMzYyZTqAAn1xAChVCVJlQ2FwdGNo\nYXEBTcq5VQlDYXJ0SXRlbXNxAn1xA0u9Y2NsYXNzZXMKQ2FydEl0ZW0KcQQpgXEFfXEGKFUNcmV3\nYXJkX3BvaW50c3EHigBVEHByb21vdGlvbnNfdG90YWxxCEcAAAAAAAAAAFUJdGF4X3ZhbHVlcQlH\nAAAAAAAAAABVEWlzX3Jld2FyZF9lbmFibGVkcQqIVRFzaGlwcGluZ19jYXRlZ29yeXELigEIVQNx\nb2hxDEdACAAAAAAAAFUJdGF4X3RvdGFscQ1HAAAAAAAAAABVCWl0ZW1fbmFtZXEOWBMAAABFaWJs\naSBBbmdlbGZpc2ggKEEpcQ9VEWZ1ZWxfY2hhcmdlX3RvdGFscRBHAAAAAAAAAABVDnN1cHBsaWVz\nX3RvdGFscRFHAAAAAAAAAABVDl9lcnJvcl9tZXNzYWdlcRJVAHETVQtmdWVsX2NoYXJnZXEURwAA\nAAAAAAAAVQl0aHVtYm5haWxxFVgjAAAAYXNzZXRzL2ltYWdlcy9hbmdlbCAxX3RodW1ibmFpbC5q\ncGdxFlUPc2hpcHBpbmdfY2hhcmdlcRdLAFUFcHJpY2VxGGNkZWNpbWFsCkRlY2ltYWwKcRlVBzI0\nLjk5MDBxGoVxG1JxHFUOc2hpcHBpbmdfdG90YWxxHUcAAAAAAAAAAFUMZXh0cmFfZmllZF8zcR5Y\nDAAAADEuNS0zIGluY2hlc3EfVQlzYWxlcHJpY2VxIGgZVQcxOS45OTAwcSGFcSJScSNVBmltYWdl\nM3EkWAAAAABxJVUGaW1hZ2UycSZoJVUGaW1hZ2UxcSdYGQAAAGFzc2V0cy9pbWFnZXMvYW5nZWwg\nMS5qcGdxKFUIc3VidG90YWxxKWgZVQcxOS45OTAwcSqFcStScSxVC3RheF9wZXJjZW50cS1HAAAA\nAAAAAABVCnByb21vdGlvbnNxLkcAAAAAAAAAAFUNX2Vycm9yX251bWJlcnEvSwBVCmNhdGFsb2df\naWRxMIoCvQBVB0lzRXJyb3JxMYlVCHF1YW50aXR5cTJLAXVic3Uu\n','2013-06-17 14:03:23'),('608955911f12ee442f81e991d83bf72b','NTYzZTY5NDc2MDBhNTdiZjhkM2U4YmMyM2ZkYzY1OTE3NjY4OGExZjqAAn1xAFUJUmVDYXB0Y2hh\ncQFN839zLg==\n','2013-06-16 15:18:16'),('65f3317e48abdd0204fa759f24ef1539','NGYxZWRiZmU2MjY3MmE1YTBhZmQ3NmQzYmY0MjE2MzA1NDJiNTIyMDqAAn1xAFUJUmVDYXB0Y2hh\ncQFNWS1zLg==\n','2013-06-15 00:04:49'),('6aa6c0eda282200443a2f0a67408b9ae','NzI2MDFmY2M3ZmJmYjMxN2MyMTk5YjNkYmEzM2Y3ZjA1NmZmZDc2MDqAAn1xAChVB0lzTG9naW5x\nAYhVDlN0YWZmX3Bhc3N3b3JkcQJYCwAAADNkY2FydGFkbWlucQNVBVN0YWZmcQRjZGphbmdvLmRi\nLm1vZGVscy5iYXNlCm1vZGVsX3VucGlja2xlCnEFY21vZGVscwpBZG1pbnMKcQZdcQdjZGphbmdv\nLmRiLm1vZGVscy5iYXNlCnNpbXBsZV9jbGFzc19mYWN0b3J5CnEIh3EJUnEKfXELKFUIdXNlcm5h\nbWVxDFgLAAAAM2RjYXJ0YWRtaW5xDVUEbmFtZXEOWA0AAABBZG1pbmlzdHJhdG9ycQ9VDnRlcm1z\nX2FjY2VwdGVkcRBjZGF0ZXRpbWUKZGF0ZXRpbWUKcRFVCgfZCwQAAAAAAABxEoVxE1JxFFUKcGFz\nc19maWVsZHEVWCAAAAA2MjQ3YzRmNWE0ODVkMTg3ZGY4M2RmYWY2MzA3MTY5NXEWVQxfb3JpZ2lu\nYWxfcGtxF4oBAVUMcmVzZXRwYXNzZXhwcRhOVQZfc3RhdGVxGWNkamFuZ28uZGIubW9kZWxzLmJh\nc2UKTW9kZWxTdGF0ZQpxGimBcRt9cRwoVQZhZGRpbmdxHYlVAmRicR5VB2RlZmF1bHRxH3ViVQVl\nbWFpbHEgWBkAAABzaHVnaGVzQHNhbHR3YXRlcmZpc2guY29tcSFVBnVzZXJpcHEiWA0AAAA1MC4x\nOTIuMTUxLjQ5cSNVCmxhc3RjaGFuZ2VxJGgRVQoH2gkeEDIBAAAAcSWFcSZScSdVC3VzZXJzZXNz\naW9ucShYIAAAAFBxMEJkd29zU2NsQmtuS0g2TFBOQ3I3MWxENjBHYlFUcSlVCWxhc3Rsb2dpbnEq\naBFVCgfdBQwQLw0AAABxK4VxLFJxLVUJdXNlcmxldmVscS5LA1UMcmVzZXRwYXNza2V5cS9OVQ1p\ncF9yZXN0cmljdGVkcTBYAAAAAHExVQJpZHEyigEBVQtwZXJtaXNzaW9uc3EzWCwAAABUS0FJalU5\nNWhnaHRJUFlwcHhSSVY4OG1PMnA4bXlOK2hWQXF2UXJsSlJFPXE0dWJVDlN0YWZmX3VzZXJuYW1l\ncTVYCwAAADNkY2FydGFkbWlucTZ1Lg==\n','2013-05-26 16:47:17'),('6acbc85a94abaf7e7f02196402112e5c','ZTdmZTJkZmYxMTUwMTAyNWY5ZTc3NTQ5NmE0MjRjZDg0YWZkMzhiNjqAAn1xAChVCVJlQ2FwdGNo\nYXEBTTnGVQhDYXJ0SW5mb3ECY2NsYXNzZXMKQ2FydEluZm8KcQMpgXEEfXEFKFUQcHJvbW90aW9u\nc190b3RhbHEGRwAAAAAAAAAAVQl0YXhfdG90YWxxB0dAUUAo9cKPXFULb3JkZXJfdG90YWxxCEdA\nkJruFHrhSFUMc3RvcmVfY3JlZGl0cQlLAFUOc2hpcHBpbmdfdG90YWxxCkdAE/XCj1wo9lUOX2Vy\ncm9yX21lc3NhZ2VxC1UAcQxVEGZ1ZWxjaGFyZ2VfdG90YWxxDUdAB+uFHrhR7FUNX2Vycm9yX251\nbWJlcnEOSwBVCHN1YnRvdGFscQ9HQI7OAAAAAABVB0lzRXJyb3JxEIl1YlUJQ2FydEl0ZW1zcRF9\ncRJNGg9jY2xhc3NlcwpDYXJ0SXRlbQpxEymBcRR9cRUoVQ1yZXdhcmRfcG9pbnRzcRaKAGgGRwAA\nAAAAAAAAVQl0YXhfdmFsdWVxF0cAAAAAAAAAAFURaXNfcmV3YXJkX2VuYWJsZWRxGIlVEXNoaXBw\naW5nX2NhdGVnb3J5cRmKAQ1VA3FvaHEaR0CPOAAAAAAAaAdHAAAAAAAAAABVCWl0ZW1fbmFtZXEb\nWDEAAABIYW1pbHRvbiAzJyBDZWJ1IFN1biAyLTI1MFcgMTBLICYgNC0zOSBXYXR0IEhPIFQ1cRxV\nEWZ1ZWxfY2hhcmdlX3RvdGFscR1HAAAAAAAAAABVDnN1cHBsaWVzX3RvdGFscR5HAAAAAAAAAABo\nC2gMVQtmdWVsX2NoYXJnZXEfRwAAAAAAAAAAVQl0aHVtYm5haWxxIFg8AAAAYXNzZXRzL2ltYWdl\ncy9oYW1pbHRvbi10ZWNobm9sb2dpZXMtY2VidS1zdW4tM190aHVtYm5haWwuanBncSFVD3NoaXBw\naW5nX2NoYXJnZXEiSwBVBXByaWNlcSNjZGVjaW1hbApEZWNpbWFsCnEkVQkxMDU5Ljk1MDBxJYVx\nJlJxJ2gKRwAAAAAAAAAAVQxleHRyYV9maWVkXzNxKFgkAAAAMzbDouKCrMKdIHggMTMuNcOi4oKs\nwp0geCA2LjXDouKCrMKdcSlVCXNhbGVwcmljZXEqaCRVCDk4NS43NTAwcSuFcSxScS1VBmltYWdl\nM3EuWDAAAABhc3NldHMvaW1hZ2VzL2hhbWlsdG9uLXRlY2hub2xvZ2llcy1jZWJ1LXN1bi5qcGdx\nL1UGaW1hZ2UycTBYMgAAAGFzc2V0cy9pbWFnZXMvaGFtaWx0b24tdGVjaG5vbG9naWVzLWNlYnUt\nc3VuLTIuanBncTFVBmltYWdlMXEyWDIAAABhc3NldHMvaW1hZ2VzL2hhbWlsdG9uLXRlY2hub2xv\nZ2llcy1jZWJ1LXN1bi0zLmpwZ3EzaA9oJFUIOTg1Ljc1MDBxNIVxNVJxNlULdGF4X3BlcmNlbnRx\nN0cAAAAAAAAAAFUKcHJvbW90aW9uc3E4RwAAAAAAAAAAaA5LAFUKY2F0YWxvZ19pZHE5igIaD2gQ\niVUIcXVhbnRpdHlxOksBdWJzdS4=\n','2013-06-16 05:05:53'),('6af092ebbfbbdf6c590be5ea16ca403b','ZTJkNTE4OTQxZDFkYzYwZWFiZGUyN2VmMTA4MzM5ZDJmOWNhZWQ4YjqAAn1xAChVEl9hdXRoX3Vz\nZXJfYmFja2VuZHEBVSlkamFuZ28uY29udHJpYi5hdXRoLmJhY2tlbmRzLk1vZGVsQmFja2VuZHEC\nVQ1fYXV0aF91c2VyX2lkcQOKAQF1Lg==\n','2013-05-14 22:42:04'),('6d089b0e88118d33ae500e947fbca7a6','ZjEzNzZmMGVhNjZkNDM4ZDMyMDZmYmExMDg1ZjM2YmMzYzU2YWQwNzqAAn1xAFUJUmVDYXB0Y2hh\ncQFK4FIBAHMu\n','2013-06-04 23:21:28'),('6fb7e69e2abc1b7f4d178cd4ed7f7ca0','NDE1ZWZjZGU1NTA0MWI3OTUyMDY4MDBhODNkNjBmYTc1ZGZjN2E3MTqAAn1xAFUJUmVDYXB0Y2hh\ncQFKuDIBAHMu\n','2013-06-16 23:31:34'),('70ec96bba4f112ff07a054e492d7677a','YmJmZWYxMDc5ZGE1ZWZlZGE4ZjM4NzUwMTgwMmNlZThjNWVjMzlkZjqAAn1xAFUJUmVDYXB0Y2hh\ncQFNWvZzLg==\n','2013-06-16 19:45:59'),('770d17a122d7aba3e5858f59b1f277e5','OGQ5YWUzNTkzZDUyMWNiY2EwYWNlNDcwNDQ5ZDUyNDRiZGE0ZGM0MzqAAn1xAFUJUmVDYXB0Y2hh\ncQFNa61zLg==\n','2013-06-16 21:55:35'),('779a97ee37929567074eaa80318ea3ac','OTc3ODkzMWI1ZDRlZWU0OWE5OWY5MDZmNTg3ODQwOTljNjEwNDFlNzqAAn1xAFUJUmVDYXB0Y2hh\ncQFNzylzLg==\n','2013-06-18 23:42:09'),('7fbccb90ef20c2a13dc391ca7cd7c94f','NjcwOTRlNTg4MjBhOGE4ZTBhMjJkYTFjODhkYWYzMWY1MDY1MmY4NDqAAn1xAFUJUmVDYXB0Y2hh\ncQFKqg0BAHMu\n','2013-06-18 21:26:34'),('8249889527548388c65b279c26a70e5d','YzNlMGRkZWYyZDAyY2E3NGY4OTU4MTE5NmFhNGVjYTdlZWNmMDA1ZDqAAn1xAChVCEN1c3RvbWVy\ncQFjZGphbmdvLmRiLm1vZGVscy5iYXNlCm1vZGVsX3VucGlja2xlCnECY21vZGVscwpjdXN0b21l\ncnMKcQNdcQRjZGphbmdvLmRiLm1vZGVscy5iYXNlCnNpbXBsZV9jbGFzc19mYWN0b3J5CnEFh3EG\nUnEHfXEIKFURc2hpcHBpbmdfYWRkcmVzczJxCVgAAAAAcQpVBl9zdGF0ZXELY2RqYW5nby5kYi5t\nb2RlbHMuYmFzZQpNb2RlbFN0YXRlCnEMKYFxDX1xDihVBmFkZGluZ3EPiVUCZGJxEFUHZGVmYXVs\ndHERdWJVDWFsdF9jb250YWN0aWRxEmgKVRJzaGlwcGluZ19maXJzdG5hbWVxE1gEAAAAdGxvbXEU\nVQtsYXN0X3VwZGF0ZXEVY2RhdGV0aW1lCmRhdGV0aW1lCnEWVQoH2QwDAAAAAAAAcReFcRhScRlV\nDWJpbGxpbmdfcGhvbmVxGlgKAAAANzcyODgyMDUwNnEbVQlhY2NvdW50bm9xHGgKVQxfb3JpZ2lu\nYWxfcGtxHYoDWLgAVQhjb21tZW50c3EeaApVD2JpbGxpbmdfY291bnRyeXEfWAIAAABVU3EgVQlj\nb250YWN0aWRxIYoDWLgAVQR0eXBlcSKKAFURc2hpcHBpbmdfbGFzdG5hbWVxI1gNAAAAZ2xhbnog\ndGVzdGluZ3EkVQd3ZWJzaXRlcSVOVQ9iaWxsaW5nX2FkZHJlc3NxJlgHAAAANjc0NSBud3EnVQpj\ndXN0b3RoZXIxcShOVQ1zaGlwcGluZ19jaXR5cSlYAwAAAHBzbHEqVRBiaWxsaW5nX2FkZHJlc3My\ncStoClUKcGFzc19maWVsZHEsWAgAAAB0b21nbGFuenEtVQ5zaGlwcGluZ19waG9uZXEuWAcAAAA4\nODIwNTA2cS9VEWJpbGxpbmdfZmlyc3RuYW1lcTBYBAAAAHRsb21xMVUIZGlzY291bnRxMkdAHAAA\nAAAAAFUNbGFzdGxvZ2luZGF0ZXEzaBZVCgfdBgUDHQMAAABxNIVxNVJxNlUOc2hpcHBpbmdfc3Rh\ndGVxN1gCAAAATEFxOFUMYmlsbGluZ19jaXR5cTlYAwAAAHBzbHE6VRFhZGRpdGlvbmFsX2ZpZWxk\nM3E7aApVEWFkZGl0aW9uYWxfZmllbGQycTxoClURYWRkaXRpb25hbF9maWVsZDFxPWgKVRBiaWxs\naW5nX2xhc3RuYW1lcT5YDQAAAGdsYW56IHRlc3RpbmdxP1UMc2hpcHBpbmdfemlwcUBYBQAAADM0\nOTgzcUFVEWFkZGl0aW9uYWxfZmllbGQ0cUJOVQZ1c2VyaWRxQ05VCG1haWxsaXN0cUSKAFUFZW1h\naWxxRVgYAAAAdGdsYW56QHNhbHR3YXRlcmZpc2guY29tcUZVC2JpbGxpbmdfemlwcUdYBQAAADM0\nOTgzcUhVC2N1c3RlbmFibGVkcUmKAQFVD2JpbGxpbmdfY29tcGFueXFKWA0AAABNVkkgU29sdXRp\nb25zcUtVEHNoaXBwaW5nX2FkZHJlc3NxTFgHAAAANjc0NSBud3FNVRBzaGlwcGluZ19jb21wYW55\ncU5YDwAAAHNoaXBpbmcgY29tcGFueXFPVRBzaGlwcGluZ19jb3VudHJ5cVBYAgAAAFVTcVFVDWJp\nbGxpbmdfc3RhdGVxUlgCAAAATEFxU3ViVQlSZUNhcHRjaGFxVE0uh1ULTXlDYXJ0SXRlbXNxVV1x\nVmN2aWV3cwpDYXJ0SXRlbXMKcVcpgXFYfXFZKFUKcHJvbW90aW9uc3FaSwBVDWV4dHJhX2ZpZWxk\nXzNxW1UAcVxVC2NhdGVnb3J5X2lkcV1LAFUEbmFtZXFeWBoAAABQaW5rIFNxdWFyZSBBbnRoaWFz\nIC0gTWFsZXFfVQVwcmljZXFgY2RlY2ltYWwKRGVjaW1hbApxYVUHMzkuOTkwMHFihXFjUnFkVQN0\nYXhxZUdAHAAAAAAAAFUcZnJlZV9zaGlwcGluZ19zdWdnZXN0aW9uX3ZhbHFmaGFVCDE2MC4wMTAw\ncWeFcWhScWlVDXJld2FyZF9wb2ludHNxaooAVQl0aHVtYm5haWxxa1g4AAAAYXNzZXRzL2ltYWdl\ncy90aHVtYnMvMTk5X3BpbmtzcWFudGhpYXNtYWxlbXgyOF90aHVtYi5qcGdxbFUIdGF4dmFsdWVx\nbUdABdWbPQfITFUIc2hpcHBpbmdxbkdAQX64UeuFH1UJc2FsZXByaWNlcW9oYVUHMzguOTkwMHFw\nhXFxUnFyVQZpbWFnZTNxc2gKVQZpbWFnZTJxdGgKVQZpbWFnZTFxdVgrAAAAYXNzZXRzL2ltYWdl\ncy8xOTlfcGlua3NxYW50aGlhc21hbGVteDI4LmpwZ3F2VQV0b3RhbHF3R0BGWspXp4bDVQhzdWJ0\nb3RhbHF4aGFVBzM4Ljk5MDBxeYVxelJxe1UCaWRxfIoCygBVCmZ1ZWxjaGFyZ2VxfUdAB+uFHrhR\n7FUIcXVhbnRpdHlxfksBdWJhVQpPcmRlclRvdGFscX9HQFPswVTJhfBVB0lzTG9naW5xgIhVCFRh\neFRvdGFscYFHQAXVmz0HyExVCUNhcnRJdGVtc3GCfXGDS8pLAXNVDVNoaXBwaW5nVG90YWxxhEdA\nQX64UeuFH1UJRnVlbFRvdGFscYVHQAfrhR64UexVCFN1YlRvdGFscYZoYVUHMzguOTkwMHGHhXGI\nUnGJVQ9Qcm9tb3Rpb25zVG90YWxxiksAdS4=\n','2013-06-19 21:16:38'),('8823e67c59a1415954057be5e7c9f500','MDg5MjNmNThhODI1NjVmODYzNTM5M2NkZjNkMGZmMTIyMTI2ZDcwMjqAAn1xAFUJUmVDYXB0Y2hh\ncQFNZ+1zLg==\n','2013-06-25 03:46:19'),('891896bc203e670d7cd8313378556f77','OGUzNjAxOGI0MjdmZDk1YThmMzMwMjAwOTRjYzE0ZDE0YWY5NmQwZjqAAn1xAChVCENhcnRJbmZv\ncQFjY2xhc3NlcwpDYXJ0SW5mbwpxAimBcQN9cQQoVRBwcm9tb3Rpb25zX3RvdGFscQVLAFULb3Jk\nZXJfdG90YWxxBkcAAAAAAAAAAFUMc3RvcmVfY3JlZGl0cQdLAFUOc2hpcHBpbmdfdG90YWxxCEcA\nAAAAAAAAAFUOX2Vycm9yX21lc3NhZ2VxCVUAcQpVCXRheF90b3RhbHELRwAAAAAAAAAAVRBmdWVs\nY2hhcmdlX3RvdGFscQxHAAAAAAAAAABVDV9lcnJvcl9udW1iZXJxDUsAVQhzdWJ0b3RhbHEORwAA\nAAAAAAAAVQdJc0Vycm9ycQ+JdWJVB0lzR3Vlc3RxEIhVCVJlQ2FwdGNoYXERTSbhVQ5QYXltZW50\nR2F0ZXdheXESWAwAAABBVVRIT1JJWkVORVRxE1UKR3Vlc3RFTWFpbHEUWAAAAABxFXUu\n','2013-06-15 03:45:17'),('893ee3368943c4d0d76f9c688176e774','M2IzMGJiYzEyZTVlZmVhNDVlNzg3MDg4ODQ0OWJiOWQxYzJhN2QwMzqAAn1xAFUJUmVDYXB0Y2hh\ncQFKiQgBAHMu\n','2013-06-17 04:02:30'),('8b2da628542820b3a9e438aaecb9b1ac','ZGNhNWFkYmI5MjVhMjRkZjQ4ODhjODA3ZDNiY2ExYjViMmJiN2I2MjqAAn1xAFUJUmVDYXB0Y2hh\ncQFKOg4BAHMu\n','2013-06-17 22:06:57'),('93b06e0c2ad1e25db435459187ccd494','NDk0OTZlN2I2NGZkYjFmMzU2NTg4NjlkYzE4MWM3N2VkNGYyY2UwNjqAAn1xAC4=\n','2013-05-25 19:31:26'),('946649e856300584f407a32282e156b0','MTdkZjA1MjZhNjQzM2FhNzQ1NmUwZDYzYTk5NDE2MTc5YWE1Y2UxZTqAAn1xAFUJUmVDYXB0Y2hh\ncQFNHDxzLg==\n','2013-05-31 02:23:25'),('972d60f0b95f55d3a291117b62dac43c','ZTJkNTE4OTQxZDFkYzYwZWFiZGUyN2VmMTA4MzM5ZDJmOWNhZWQ4YjqAAn1xAChVEl9hdXRoX3Vz\nZXJfYmFja2VuZHEBVSlkamFuZ28uY29udHJpYi5hdXRoLmJhY2tlbmRzLk1vZGVsQmFja2VuZHEC\nVQ1fYXV0aF91c2VyX2lkcQOKAQF1Lg==\n','2013-04-22 20:52:36'),('9afd950a5597f965918c195e7bfa7b91','NDk0OTZlN2I2NGZkYjFmMzU2NTg4NjlkYzE4MWM3N2VkNGYyY2UwNjqAAn1xAC4=\n','2013-05-16 00:38:49'),('9b9d80c3e27def78bd787598a1088bfa','NTdkNjE3YWM3YTBkNmM2MWU5MjMzYzk0ZmYzM2JhZjY2OTIyM2MxNjqAAn1xAFUJUmVDYXB0Y2hh\ncQFKGx4BAHMu\n','2013-06-21 00:07:22'),('a057803a914f21aaae360a114c602876','ZTJkNTE4OTQxZDFkYzYwZWFiZGUyN2VmMTA4MzM5ZDJmOWNhZWQ4YjqAAn1xAChVEl9hdXRoX3Vz\nZXJfYmFja2VuZHEBVSlkamFuZ28uY29udHJpYi5hdXRoLmJhY2tlbmRzLk1vZGVsQmFja2VuZHEC\nVQ1fYXV0aF91c2VyX2lkcQOKAQF1Lg==\n','2013-05-16 22:14:12'),('a605850e340b89237e48f2743bf6a747','ZTJkNTE4OTQxZDFkYzYwZWFiZGUyN2VmMTA4MzM5ZDJmOWNhZWQ4YjqAAn1xAChVEl9hdXRoX3Vz\nZXJfYmFja2VuZHEBVSlkamFuZ28uY29udHJpYi5hdXRoLmJhY2tlbmRzLk1vZGVsQmFja2VuZHEC\nVQ1fYXV0aF91c2VyX2lkcQOKAQF1Lg==\n','2013-05-20 01:05:02'),('ad884305c107719eb3c4f2d179373a6e','MDdlNDkzZmI0NWMzMzhmMDVkMmE1YTdkYzg0Mjk2YmMzNjBjODFiZTqAAn1xAFUJUmVDYXB0Y2hh\ncQFNaeFzLg==\n','2013-06-18 20:09:11'),('c74dc85a4d0248ee75f863f58216f143','YzVkOWFiNzA2YmFiYzdjMjU0OGE1Yzc3NTNmYmIxNWJkMTQ4ZTQwNjqAAn1xAFUJUmVDYXB0Y2hh\ncQFKATEBAHMu\n','2013-06-19 22:11:46'),('c8da3e660fe350a9e48bc692f70b01fd','OGI5MTBmOGI0OTM5OTQ4MTkxZDdlY2M5ZDA4ZmU0NDM1MGJiYTBiMDqAAn1xAFUJUmVDYXB0Y2hh\ncQFKnAwBAHMu\n','2013-06-13 19:41:43'),('cb4a6db3f9a4b411834c6361d8dbe442','Y2ZmNmU0MzA1ZGZlODM4Y2Y4MjI1YjQ4NmQxMzA0N2ZhZDA0OWQxYjqAAn1xAFUJUmVDYXB0Y2hh\ncQFNOmBzLg==\n','2013-06-16 18:14:17'),('cf3f1fa7e54341be2c97f7ef953b9a68','OGUwZTcxMTkxZTMyNTlhNzg0ZmJmZTcwNjZlODFiMzdiY2RmMWIwODqAAn1xAFUJUmVDYXB0Y2hh\ncQFK5VkBAHMu\n','2013-06-15 17:19:44'),('d35a2600581c89c5f0bb6f60acc3175c','OWY3NjkwNjQ1MmRkM2Q1YWUzMjkwNmEwY2ZlZTQyMDNlZDAzYzAyYTqAAn1xAFUJUmVDYXB0Y2hh\ncQFNetZzLg==\n','2013-06-15 14:48:54'),('d40c1814dc0bc21422516fab26738030','ZTk2YWQ3ODY3ZjYzYzNjZmU4YTUxZGRlODI5NGI4NjBkNzg1NzJmMjqAAn1xAFUJUmVDYXB0Y2hh\ncQFKzzYBAHMu\n','2013-05-25 20:26:11'),('d69010757ff87d0d3e068350a95e0452','MGQwMTBjNWY2M2ZjODkzNWRhMDdmZjVhYmI0NGE0NjQ2MTE4Y2FkZjqAAn1xAFUJUmVDYXB0Y2hh\ncQFNvEVzLg==\n','2013-06-15 16:06:26'),('d89bc5a8513d999d798523546a769428','OWRlOTY3N2ZkYjE2MmQ2ZmMwYTIzOTIxMDQ0ZTg4YzRjY2MxNTY0ZjqAAn1xAChVCEN1c3RvbWVy\ncQFjZGphbmdvLmRiLm1vZGVscy5iYXNlCm1vZGVsX3VucGlja2xlCnECY21vZGVscwpjdXN0b21l\ncnMKcQNdcQRjZGphbmdvLmRiLm1vZGVscy5iYXNlCnNpbXBsZV9jbGFzc19mYWN0b3J5CnEFh3EG\nUnEHfXEIKFURc2hpcHBpbmdfYWRkcmVzczJxCVgAAAAAcQpVBl9zdGF0ZXELY2RqYW5nby5kYi5t\nb2RlbHMuYmFzZQpNb2RlbFN0YXRlCnEMKYFxDX1xDihVBmFkZGluZ3EPiVUCZGJxEFUHZGVmYXVs\ndHERdWJVDWFsdF9jb250YWN0aWRxEmgKVRJzaGlwcGluZ19maXJzdG5hbWVxE1gEAAAAdGxvbXEU\nVQtsYXN0X3VwZGF0ZXEVY2RhdGV0aW1lCmRhdGV0aW1lCnEWVQoH2QwDAAAAAAAAcReFcRhScRlV\nDWJpbGxpbmdfcGhvbmVxGlgKAAAANzcyODgyMDUwNnEbVQlhY2NvdW50bm9xHGgKVQxfb3JpZ2lu\nYWxfcGtxHYoDWLgAVQhjb21tZW50c3EeaApVD2JpbGxpbmdfY291bnRyeXEfWAIAAABVU3EgVQlj\nb250YWN0aWRxIYoDWLgAVQR0eXBlcSKKAFURc2hpcHBpbmdfbGFzdG5hbWVxI1gNAAAAZ2xhbnog\ndGVzdGluZ3EkVQd3ZWJzaXRlcSVOVQ9iaWxsaW5nX2FkZHJlc3NxJlgHAAAANjc0NSBud3EnVQpj\ndXN0b3RoZXIxcShOVQ1zaGlwcGluZ19jaXR5cSlYAwAAAHBzbHEqVRBiaWxsaW5nX2FkZHJlc3My\ncStoClUKcGFzc19maWVsZHEsWAgAAAB0b21nbGFuenEtVQ5zaGlwcGluZ19waG9uZXEuWAcAAAA4\nODIwNTA2cS9VEWJpbGxpbmdfZmlyc3RuYW1lcTBYBAAAAHRsb21xMVUIZGlzY291bnRxMkdAHAAA\nAAAAAFUNbGFzdGxvZ2luZGF0ZXEzaBZVCgfdBR4WLS8AAABxNIVxNVJxNlUOc2hpcHBpbmdfc3Rh\ndGVxN1gCAAAATEFxOFUMYmlsbGluZ19jaXR5cTlYAwAAAHBzbHE6VRFhZGRpdGlvbmFsX2ZpZWxk\nM3E7aApVEWFkZGl0aW9uYWxfZmllbGQycTxoClURYWRkaXRpb25hbF9maWVsZDFxPWgKVRBiaWxs\naW5nX2xhc3RuYW1lcT5YDQAAAGdsYW56IHRlc3RpbmdxP1UMc2hpcHBpbmdfemlwcUBYBQAAADM0\nOTgzcUFVEWFkZGl0aW9uYWxfZmllbGQ0cUJOVQZ1c2VyaWRxQ05VCG1haWxsaXN0cUSKAFUFZW1h\naWxxRVgYAAAAdGdsYW56QHNhbHR3YXRlcmZpc2guY29tcUZVC2JpbGxpbmdfemlwcUdYBQAAADM0\nOTgzcUhVC2N1c3RlbmFibGVkcUmKAQFVD2JpbGxpbmdfY29tcGFueXFKWA0AAABNVkkgU29sdXRp\nb25zcUtVEHNoaXBwaW5nX2FkZHJlc3NxTFgHAAAANjc0NSBud3FNVRBzaGlwcGluZ19jb21wYW55\ncU5YDwAAAHNoaXBpbmcgY29tcGFueXFPVRBzaGlwcGluZ19jb3VudHJ5cVBYAgAAAFVTcVFVDWJp\nbGxpbmdfc3RhdGVxUlgCAAAATEFxU3ViVQlSZUNhcHRjaGFxVE0kfFUJQ2FydEl0ZW1zcVV9cVZL\nvUsBc1UKT3JkZXJUb3RhbHFXR0BNr0U47zTXVQdJc0xvZ2lucViIVQ9Qcm9tb3Rpb25zVG90YWxx\nWUsAVQtNeUNhcnRJdGVtc3FaXXFbY3ZpZXdzCkNhcnRJdGVtcwpxXCmBcV19cV4oVQpwcm9tb3Rp\nb25zcV9LAFUNZXh0cmFfZmllbGRfM3FgVQBxYVULY2F0ZWdvcnlfaWRxYksAVQRuYW1lcWNYEwAA\nAEVpYmxpIEFuZ2VsZmlzaCAoQSlxZFUFcHJpY2VxZWNkZWNpbWFsCkRlY2ltYWwKcWZVBzI0Ljk5\nMDBxZ4VxaFJxaVUDdGF4cWpHQBwAAAAAAABVHGZyZWVfc2hpcHBpbmdfc3VnZ2VzdGlvbl92YWxx\na2hmVQgxNzkuMDEwMHFshXFtUnFuVQl0aHVtYm5haWxxb1gjAAAAYXNzZXRzL2ltYWdlcy9hbmdl\nbCAxX3RodW1ibmFpbC5qcGdxcFUIdGF4dmFsdWVxcUc/9mOIZZSvTlUIc2hpcHBpbmdxckdAQX64\nUeuFH1UJc2FsZXByaWNlcXNoZlUHMTkuOTkwMHF0hXF1UnF2VQZpbWFnZTNxd2gKVQZpbWFnZTJx\neGgKVQZpbWFnZTFxeVgZAAAAYXNzZXRzL2ltYWdlcy9hbmdlbCAxLmpwZ3F6VQV0b3RhbHF7R0A4\nYRnOB19wVQhzdWJ0b3RhbHF8aGZVBzE5Ljk5MDBxfYVxflJxf1UCaWRxgIoCvQBVCmZ1ZWxjaGFy\nZ2VxgUdAB+uFHrhR7FUIcXVhbnRpdHlxgksBdWJhVQ1TaGlwcGluZ1RvdGFscYNHQEF+uFHrhR9V\nCUZ1ZWxUb3RhbHGER0AH64UeuFHsVQhTdWJUb3RhbHGFaGZVBzE5Ljk5MDBxhoVxh1JxiFUIVGF4\nVG90YWxxiUc/9mOIZZSvTnUu\n','2013-06-14 16:08:25'),('e178b957a79909d2ecc174ad841e9e0b','MWI5NDg2MzE3YWRmNzI3ZWEyYTQyMGRmODk2MGRlNGYzMDg2MzViNjqAAn1xAFUJUmVDYXB0Y2hh\ncQFKrngBAHMu\n','2013-06-18 19:39:50'),('e20ccd7187ba12c1687b295587a0c8da','NjY1YzQyOWI5MDA3MzM5YjhiMDkzZTNlZTRmODA1Yjg5YjQ1YTQzMzqAAn1xAFUJUmVDYXB0Y2hh\ncQFKHUgBAHMu\n','2013-06-20 15:55:24'),('e35714db096ebd94745297fae0c48d63','MGUyNTY1N2Y5ZTY0OTgxZTNkOWI1YWVhNTIxYjQ2YjdiZjUzMjI4ODqAAn1xAChVCVJlQ2FwdGNo\nYXEBSlEaAQBVCENhcnRJbmZvcQJjY2xhc3NlcwpDYXJ0SW5mbwpxAymBcQR9cQUoVRBwcm9tb3Rp\nb25zX3RvdGFscQZHAAAAAAAAAABVC29yZGVyX3RvdGFscQdHQFGEb2lEZzhVEGZ1ZWxjaGFyZ2Vf\ndG90YWxxCEdAB+uFHrhR7FUPc3RvcmVfY3JlZGl0X2lkcQlLAFUOc2hpcHBpbmdfdG90YWxxCkdA\nQX64UeuFH1UQY2NfYXBwcm92YWxfY29kZXELVQBxDFUOX2Vycm9yX21lc3NhZ2VxDWgMVQl0YXhf\ndG90YWxxDkdAAMtdzGPxQVUMc3RvcmVfY3JlZGl0cQ9LAFUNX2Vycm9yX251bWJlcnEQSwBVCHN1\nYnRvdGFscRFHQD39cKPXCj1VB0lzRXJyb3JxEolVFmlzX3N0b3JlY3JlZGl0X2FwcGxpZWRxE4l1\nYlUKR3Vlc3RFTWFpbHEUWAAAAABxFVUJQ2FydEl0ZW1zcRZ9cRdNqgFjY2xhc3NlcwpDYXJ0SXRl\nbQpxGCmBcRl9cRooVQ1yZXdhcmRfcG9pbnRzcRuKAGgGRwAAAAAAAAAAVQl0YXhfdmFsdWVxHEcA\nAAAAAAAAAFURaXNfcmV3YXJkX2VuYWJsZWRxHYlVEXNoaXBwaW5nX2NhdGVnb3J5cR6KAQhVA3Fv\naHEfR0AQAAAAAAAAaA5HAAAAAAAAAABVCWl0ZW1fbmFtZXEgWBEAAABHb25pb3BvcmEgLSBHcmVl\nbnEhVRFmdWVsX2NoYXJnZV90b3RhbHEiRwAAAAAAAAAAVQ5zdXBwbGllc190b3RhbHEjRwAAAAAA\nAAAAaA1oDFULZnVlbF9jaGFyZ2VxJEcAAAAAAAAAAFUJdGh1bWJuYWlscSVYLgAAAGFzc2V0cy9p\nbWFnZXMvZ3JlZW4tZ29uaW9wb3JhKDEpX3RodW1ibmFpbC5qcGdxJlUPc2hpcHBpbmdfY2hhcmdl\ncSdLAFUFcHJpY2VxKGNkZWNpbWFsCkRlY2ltYWwKcSlVBzM0Ljk5MDBxKoVxK1JxLGgKRwAAAAAA\nAAAAVQxleHRyYV9maWVkXzNxLVgKAAAAMy00IGluY2hlc3EuVQlzYWxlcHJpY2VxL2gpVQcyOS45\nOTAwcTCFcTFScTJVBmltYWdlM3EzaBVVBmltYWdlMnE0aBVVBmltYWdlMXE1WCQAAABhc3NldHMv\naW1hZ2VzL2dyZWVuLWdvbmlvcG9yYSgxKS5qcGdxNlUWc2hpcHBpbmdfY2F0ZWdvcnlfbmFtZXE3\nWAsAAABNYXJpbmUgTGlmZXE4aBFoKVUHMjkuOTkwMHE5hXE6UnE7VQt0YXhfcGVyY2VudHE8RwAA\nAAAAAAAAVQpwcm9tb3Rpb25zcT1HAAAAAAAAAABoEEsAVQpjYXRhbG9nX2lkcT6KAqoBaBKJVQhx\ndWFudGl0eXE/SwF1YnNVDlNoaXBwaW5nTWV0aG9kcUB9cUGKAQhjZGphbmdvLmRiLm1vZGVscy5i\nYXNlCm1vZGVsX3VucGlja2xlCnFCY21vZGVscwpTaGlwcGluZ0NhdGVnb3J5CnFDXXFEY2RqYW5n\nby5kYi5tb2RlbHMuYmFzZQpzaW1wbGVfY2xhc3NfZmFjdG9yeQpxRYdxRlJxR31xSChVBnN0YXR1\nc3FJWAYAAABBQ1RJVkVxSlUQaXNfZnJlZV9zaGlwcGluZ3FLSwBVEXNhdHVyZGF5X2RlbGl2ZXJ5\ncUxHQDQAAAAAAABVCmNyZWF0ZWRhdGVxTWNkYXRldGltZQpkYXRldGltZQpxTlUKB90GDAMJCgAA\nAHFPhXFQUnFRVQZfc3RhdGVxUmNkamFuZ28uZGIubW9kZWxzLmJhc2UKTW9kZWxTdGF0ZQpxUymB\ncVR9cVUoVQZhZGRpbmdxVolVAmRicVdVB2RlZmF1bHRxWHViVRhmbGF0cmF0ZV9zaGlwcGluZ19j\naGFyZ2VxWU5VEXByaW9yaXR5X3NoaXBwaW5ncVpHQCQAAAAAAABoJEdAB+uFHrhR7FUPYWxhc2th\nX2RlbGl2ZXJ5cVtHQDkAAAAAAABVDF9vcmlnaW5hbF9wa3FcigEIVQ1jYXRlZ29yeV9uYW1lcV1Y\nCwAAAE1hcmluZSBMaWZlcV5VAmlkcV+KAQhVF3VzZV9mZWRleF9zaGlwcGluZ3JhdGVzcWBOdWJz\nVQ5QYXltZW50R2F0ZXdheXFhWAwAAABBVVRIT1JJWkVORVRxYlUHSXNHdWVzdHFjiHUu\n','2013-06-20 02:18:20'),('ea8a974d694e53e39a9a01742c4a60a9','YjBjODRjZmM2NDA5YTQxOTUzZjA4ZjJiMzVmNmVmZDA5NmIyNTY5ZjqAAn1xAFUJUmVDYXB0Y2hh\ncQFNBKZzLg==\n','2013-06-19 02:58:03'),('edd2ed77ad2bff781f84b48bd1dfaef6','NmY1MjhkMDJmOTVlY2ZlODVkODEyNzU1OWM2NmVkYWM2MzYwMGVmNjqAAn1xAFUJUmVDYXB0Y2hh\ncQFN6Z1zLg==\n','2013-06-18 23:01:57'),('f03330e813b0c1cd2b7843b53c483e0a','ZTJkNTE4OTQxZDFkYzYwZWFiZGUyN2VmMTA4MzM5ZDJmOWNhZWQ4YjqAAn1xAChVEl9hdXRoX3Vz\nZXJfYmFja2VuZHEBVSlkamFuZ28uY29udHJpYi5hdXRoLmJhY2tlbmRzLk1vZGVsQmFja2VuZHEC\nVQ1fYXV0aF91c2VyX2lkcQOKAQF1Lg==\n','2013-04-16 20:34:37'),('f1155222fa6a0a46b6c0562de9e2857d','ZTJkNTE4OTQxZDFkYzYwZWFiZGUyN2VmMTA4MzM5ZDJmOWNhZWQ4YjqAAn1xAChVEl9hdXRoX3Vz\nZXJfYmFja2VuZHEBVSlkamFuZ28uY29udHJpYi5hdXRoLmJhY2tlbmRzLk1vZGVsQmFja2VuZHEC\nVQ1fYXV0aF91c2VyX2lkcQOKAQF1Lg==\n','2013-04-19 14:49:36'),('f32e7e1f9a5f12b6434bf3ff6097bea0','ZDI1ZDViODA5OGM0YTkwZGEwODI2MTZkMTk1ZmI1NzdiNjgxZmQyMTqAAn1xAFUJUmVDYXB0Y2hh\ncQFNiPlzLg==\n','2013-05-27 12:11:46'),('f68a6ab3aa5a8e20d40c295270fd86e7','Mzg3ZTYwZmVhY2UxMTE0ZWFiZGZkNTc5NDY1NjkyZjY1Njc0MDA5MjqAAn1xAFUJUmVDYXB0Y2hh\ncQFNy69zLg==\n','2013-06-15 16:57:07'),('fb53dac3fe8e239a075c6528342cf60f','OWY5ZWE4NzQwMTE2YTVjNmVlYTljOWIzMjMwM2I1MDBmNjQwNzEyNzqAAn1xAFUJUmVDYXB0Y2hh\ncQFNUZZzLg==\n','2013-06-13 00:55:05');

